bpid,mlbid,Name,Age,Team,WARP,DRA-,DRA,DRA SD,cFIP,G,GS,GR,IP,W,L,SV,ERA,RA9,FIP,WHIP,K%,BB%,K/BB,Whiff%
107554,669203,Corbin Burnes,27,MIL,5.4,67,2.91,0.34,75,33,33,0,202,12,8,0,2.94,3.25,3.19,0.97,30.5,6.4,4.8,35.2
70943,605400,Aaron Nola,29,PHI,5.1,70,3.05,0.37,73,32,32,0,205,11,13,0,3.25,3.29,2.64,0.96,29.1,3.6,8.1,28
111306,660271,Shohei Ohtani,27,LAA,5.1,59,2.59,0.34,63,28,28,0,166,15,9,0,2.33,2.44,2.46,1.01,33.2,6.7,5,33.1
104002,645261,Sandy Alcantara,26,MIA,5.1,76,3.3,0.33,81,32,32,0,228.7,14,9,0,2.28,2.64,3.04,0.98,23.4,5.6,4.1,25.6
65957,543037,Gerrit Cole,31,NYY,5,70,3.06,0.42,78,33,33,0,200.7,13,8,0,3.5,3.63,3.41,1.02,32.4,6.3,5.1,34
137960,675911,Spencer Strider,23,ATL,4.6,51,2.2,0.31,53,31,20,11,131.7,11,5,0,2.67,2.87,1.77,0.99,38.3,8.5,4.5,34.9
105703,656302,Dylan Cease,26,CHW,4.5,71,3.11,0.4,84,32,32,0,184,14,8,0,2.2,2.69,3.04,1.11,30.4,10.4,2.9,33.3
45613,434378,Justin Verlander,39,HOU,4.5,69,3.01,0.31,81,28,28,0,175,18,4,0,1.75,2.21,2.44,0.83,27.8,4.4,6.4,24.3
70883,607074,Carlos Rodón,29,SF,4.3,71,3.1,0.4,75,31,31,0,178,14,8,0,2.88,2.98,2.31,1.03,33.4,7.3,4.6,31.3
53155,506433,Yu Darvish,35,SD,4.3,76,3.3,0.38,88,30,30,0,194.7,16,8,0,3.1,3.1,3.26,0.95,25.6,4.8,5.3,25.2
128501,663556,Shane McClanahan,25,TB,4.2,70,3.04,0.39,71,28,28,0,166.3,12,8,0,2.54,2.81,2.95,0.93,30.3,5.9,5.1,34.3
108886,668678,Zac Gallen,26,AZ,4.2,75,3.25,0.42,85,31,31,0,184,12,4,0,2.54,2.74,3.1,0.91,26.9,6.6,4.1,23.1
68557,592332,Kevin Gausman,31,TOR,3.9,76,3.29,0.42,70,31,31,0,174.7,12,10,0,3.35,3.71,2.44,1.24,28.3,3.9,7.3,29.5
108830,669456,Shane Bieber,27,CLE,3.8,82,3.55,0.38,84,31,31,0,200,13,8,0,2.88,3.15,2.93,1.04,25,4.6,5.5,29.8
70798,605540,Brandon Woodruff,29,MIL,3.7,72,3.15,0.41,79,27,27,0,153.3,13,4,0,3.05,3.29,3.14,1.07,30.6,6.8,4.5,31.2
107172,663474,Triston McKenzie,24,CLE,3.6,82,3.57,0.42,96,31,30,1,191.3,11,11,0,2.96,3.06,3.65,0.95,25.6,5.9,4.3,26.7
56753,453286,Max Scherzer,37,NYM,3.6,71,3.08,0.43,80,23,23,0,145.3,11,5,0,2.29,2.42,2.67,0.91,30.6,4.2,7.2,30.7
106195,664299,Cristian Javier,25,HOU,3.5,73,3.17,0.43,89,30,25,5,148.7,11,9,0,2.54,2.66,3.22,0.95,33.2,8.9,3.7,30.4
70610,608331,Max Fried,28,ATL,3.5,82,3.59,0.41,81,30,30,0,185.3,14,7,0,2.48,2.67,2.76,1.01,23.2,4.4,5.3,25.9
66213,554430,Zack Wheeler,32,PHI,3.4,75,3.28,0.39,79,26,26,0,153,12,7,0,2.82,3.06,2.84,1.04,26.9,5.6,4.8,25.2
107058,664285,Framber Valdez,28,HOU,3.3,87,3.77,0.47,78,31,31,0,201.3,17,6,0,2.82,3.17,3,1.16,23.5,8.1,2.9,25.7
100945,622491,Luis Castillo,29,,3.3,76,3.32,0.4,81,25,25,0,150.3,8,6,0,2.99,3.35,3.02,1.08,27.2,7.3,3.7,27.8
111162,657140,Kyle Wright,26,ATL,3.3,84,3.64,0.42,85,30,30,0,180.3,21,5,0,3.19,3.34,3.53,1.16,23.6,7.2,3.3,26.5
70473,605397,Joe Musgrove,29,SD,3.2,84,3.66,0.45,89,30,30,0,181,10,7,0,2.93,3.33,3.64,1.08,24.9,5.7,4.4,25.6
70271,605483,Blake Snell,29,SD,3.2,70,3.06,0.48,74,24,24,0,128,8,10,0,3.38,3.59,2.86,1.2,32,9.5,3.4,32.9
48258,450203,Charlie Morton,38,ATL,3.1,84,3.66,0.51,93,31,31,0,172,9,6,0,4.34,4.45,4.31,1.23,28.2,8.7,3.3,29.2
127605,666201,Alek Manoah,24,TOR,3,89,3.87,0.43,102,31,31,0,196.7,16,7,0,2.24,2.52,3.4,0.99,22.9,6.5,3.5,24.9
137001,663903,Brady Singer,25,KC,2.9,82,3.57,0.5,85,27,24,3,153.3,10,5,0,3.23,3.4,3.64,1.14,24.2,5.6,4.3,23
65879,518876,Merrill Kelly,33,AZ,2.8,92,4,0.46,99,33,33,0,200.3,13,8,0,3.37,3.46,3.71,1.14,22,7.6,2.9,23.6
50167,502171,Alex Cobb,34,SF,2.8,83,3.61,0.5,74,28,28,0,149.7,7,8,0,3.73,4.33,2.74,1.3,23.9,6.8,3.5,24.8
105007,657277,Logan Webb,25,SF,2.7,91,3.96,0.43,87,32,32,0,192.3,15,9,0,2.9,3.56,2.98,1.16,20.7,6.2,3.3,24.1
102491,641154,Pablo López,26,MIA,2.6,91,3.95,0.47,94,32,32,0,180,10,10,0,3.75,3.9,3.66,1.17,23.6,7.2,3.3,28.2
101992,628711,Julio Urías,25,LAD,2.6,90,3.92,0.56,100,31,31,0,175,17,7,0,2.16,2.62,3.66,0.96,24.1,6,4,23.9
133756,656876,Drew Rasmussen,26,TB,2.6,85,3.68,0.48,90,28,28,0,146,11,7,0,2.84,3.14,3.2,1.04,21.4,5.3,4,25.3
102555,641482,Nestor Cortes,27,NYY,2.6,87,3.8,0.5,98,28,28,0,158.3,12,4,0,2.44,2.5,3.18,0.92,26.5,6.2,4.3,24.4
106950,605488,Jeffrey Springs,29,TB,2.5,82,3.58,0.54,85,33,25,8,135.3,9,5,0,2.46,2.79,3.09,1.07,26.2,5.6,4.6,29.6
60625,571945,Miles Mikolas,33,STL,2.5,95,4.13,0.47,103,33,32,1,202.3,12,13,0,3.29,3.6,3.82,1.03,19,4.8,3.9,18.6
49786,477132,Clayton Kershaw,34,LAD,2.5,81,3.51,0.43,81,22,22,0,126.3,12,3,0,2.28,2.56,2.51,0.94,27.8,4.7,6,29.3
69516,605135,Chris Bassitt,33,NYM,2.5,92,4.02,0.56,94,30,30,0,181.7,15,9,0,3.42,3.52,3.6,1.14,22.4,6.6,3.4,23.6
121380,669302,Logan Gilbert,25,SEA,2.5,93,4.05,0.57,96,32,32,0,185.7,13,6,0,3.2,3.44,3.4,1.18,22.7,6.4,3.6,24.3
100572,621242,Edwin Díaz,28,NYM,2.4,42,1.83,0.33,32,61,0,61,62,3,1,32,1.31,1.31,0.85,0.84,50.2,7.7,6.6,50.2
107865,664062,Tony Gonsolin,28,LAD,2.4,83,3.62,0.46,97,24,24,0,130.3,16,1,0,2.14,2.21,3.23,0.87,23.9,7,3.4,27.1
111196,677651,Luis Garcia,25,HOU,2.4,89,3.89,0.52,100,28,28,0,157.3,15,8,0,3.72,4,3.88,1.13,24.4,7.3,3.3,29.2
68564,592351,Jon Gray,30,TEX,2.3,83,3.61,0.5,90,24,24,0,127.3,7,7,0,3.96,4.31,3.86,1.13,25.7,7.5,3.4,26.1
67243,593423,Frankie Montas,29,,2.2,89,3.86,0.46,93,27,27,0,144.3,5,12,0,4.05,4.49,3.73,1.25,23.4,7.1,3.3,27.6
111200,668881,Hunter Greene,22,CIN,2.2,84,3.67,0.61,96,24,24,0,125.7,5,13,0,4.44,4.58,4.32,1.21,30.9,9,3.4,32
67083,592662,Robbie Ray,30,SEA,2.2,96,4.2,0.58,99,32,32,0,189,12,12,0,3.71,3.81,4.22,1.19,27.4,8,3.4,30.1
108274,662253,Andrés Muñoz,23,SEA,2.2,54,2.36,0.37,50,64,0,64,65,2,5,4,2.49,2.77,2.09,0.89,38.7,6,6.4,42
101074,622663,Luis Severino,28,NYY,2.1,78,3.41,0.5,87,19,19,0,102,7,3,0,3.18,3.26,3.65,1,27.7,7.4,3.7,27.9
125609,669923,George Kirby,24,SEA,2.1,87,3.79,0.53,84,25,25,0,130,8,5,0,3.39,3.74,3.04,1.21,24.5,4.1,6,21.2
70371,573186,Marcus Stroman,31,CHC,2.1,90,3.89,0.48,94,25,25,0,138.7,6,7,0,3.5,3.96,3.82,1.15,20.9,6.3,3.3,22.5
70826,548389,Ross Stripling,32,TOR,2.1,89,3.86,0.46,94,32,24,8,134.3,10,4,1,3.01,3.28,3.06,1.02,20.7,3.7,5.5,23.5
68694,592791,Jameson Taillon,30,NYY,2,97,4.2,0.55,100,32,32,0,177.3,14,5,0,3.91,3.96,4,1.13,20.7,4.4,4.7,23.1
105894,661395,Jhoan Duran,24,MIN,2,61,2.63,0.45,57,57,0,57,67.7,2,4,8,1.86,2,2.58,0.98,33.5,6,5.6,34.7
58410,458681,Lance Lynn,35,CHW,2,86,3.76,0.51,90,21,21,0,121.7,8,7,0,3.99,4.81,3.87,1.13,24.2,3.7,6.5,28.6
107254,663776,Patrick Sandoval,25,LAA,2,93,4.03,0.57,88,27,27,0,148.7,6,9,0,2.91,3.39,3.15,1.34,23.7,9.4,2.5,29.7
67740,594798,Jacob deGrom,34,NYM,2,59,2.56,0.39,61,11,11,0,64.3,5,4,0,3.08,3.08,2.19,0.75,42.7,3.3,12.8,41.9
65947,542881,Tyler Anderson,32,LAD,1.9,98,4.27,0.53,102,30,28,2,178.7,15,5,0,2.57,2.87,3.25,1,19.5,4.8,4.1,24.4
108235,621345,A.J. Minter,28,ATL,1.9,66,2.88,0.48,68,75,0,75,70,5,4,5,2.06,2.7,2.18,0.91,34.7,5.5,6.3,33.1
70306,543243,Sonny Gray,32,MIN,1.9,88,3.84,0.51,94,24,24,0,119.7,8,5,0,3.08,3.31,3.46,1.13,24,7.4,3.3,22.2
103091,642585,Félix Bautista,27,BAL,1.9,64,2.77,0.46,69,65,0,65,65.7,4,4,15,2.19,2.47,2.97,0.93,34.8,9.1,3.8,33.6
106129,664854,Ryan Helsley,27,STL,1.8,64,2.76,0.44,72,54,0,54,64.7,9,1,19,1.25,1.53,2.28,0.74,39.3,8.4,4.7,37.9
99874,571760,Andrew Heaney,31,LAD,1.8,70,3.05,0.61,76,16,14,2,72.7,4,4,0,3.1,4.21,3.8,1.09,35.5,6.1,5.8,36.1
102785,642207,Devin Williams,27,MIL,1.8,61,2.67,0.5,65,65,0,65,60.7,6,4,15,1.93,2.52,1.95,1.01,40,12.5,3.2,40.8
105737,661403,Emmanuel Clase,24,CLE,1.8,71,3.08,0.43,68,77,0,77,72.7,3,4,42,1.36,2.23,1.93,0.73,28.4,3.7,7.7,30.2
109135,666200,Jesús Luzardo,24,MIA,1.8,84,3.66,0.62,89,18,18,0,100.3,4,7,0,3.32,3.59,3.07,1.04,30,8.8,3.4,32
102652,641816,Tyler Mahle,27,,1.7,91,3.95,0.56,98,23,23,0,120.7,6,8,0,4.4,4.55,3.92,1.22,25,8.5,2.9,27
56426,521230,Liam Hendriks,33,CHW,1.7,60,2.62,0.5,70,58,0,58,57.7,4,4,37,2.81,3.43,2.73,1.04,36.2,6.8,5.3,41.4
126846,666157,Nick Lodolo,24,CIN,1.7,87,3.78,0.7,86,19,19,0,103.3,4,7,0,3.66,3.83,3.95,1.25,29.7,8.8,3.4,30.8
104258,650556,Bryan Abreu,25,HOU,1.7,64,2.79,0.5,69,55,0,55,60.3,4,0,2,1.94,2.39,2.06,1.18,35.5,10.5,3.4,39.1
67148,592836,Taijuan Walker,29,NYM,1.7,98,4.28,0.54,101,29,29,0,157.3,12,5,0,3.49,3.6,3.59,1.19,20.3,6.9,2.9,23.5
111164,656638,Alex Lange,26,DET,1.7,68,2.94,0.51,76,71,0,71,63.3,7,4,0,3.41,4.26,3.2,1.23,30.3,11.4,2.6,44.3
137044,669373,Tarik Skubal,25,DET,1.6,92,4.01,0.55,88,21,21,0,117.7,7,8,0,3.52,4.05,2.91,1.16,24.5,6.7,3.7,26.5
104914,657006,Justin Steele,26,CHC,1.6,93,4.05,0.53,86,24,24,0,119,4,7,0,3.18,4.01,3.15,1.35,24.6,9.8,2.5,24.1
51434,493603,Adam Ottavino,36,NYM,1.6,73,3.15,0.5,75,66,0,66,65.7,6,3,3,2.06,2.06,2.8,0.97,30.6,6.2,4.9,29.8
70429,605130,Scott Barlow,29,KC,1.6,78,3.4,0.46,87,69,0,69,74.3,7,4,24,2.18,2.78,3.57,1,26.6,7.6,3.5,32.4
100568,621237,José Alvarado,27,PHI,1.6,60,2.59,0.59,58,59,0,59,51,4,2,2,3.18,3.71,1.86,1.22,37.9,11.2,3.4,38.4
47229,471911,Carlos Carrasco,35,NYM,1.6,99,4.31,0.58,92,29,29,0,152,15,7,0,3.97,4.2,3.48,1.33,23.6,6.4,3.7,27.8
106667,623465,Evan Phillips,27,LAD,1.5,71,3.09,0.48,75,64,0,64,63,7,3,2,1.14,1.57,1.99,0.76,33,6.4,5.1,30.7
110894,663986,Trevor Stephan,26,CLE,1.5,72,3.12,0.52,74,66,0,66,63.7,6,5,3,2.69,3.39,2.13,1.18,30.7,6.7,4.6,35.5
111276,676477,Garrett Whitlock,26,BOS,1.5,81,3.51,0.51,87,31,9,22,78.3,4,2,6,3.45,3.68,3.24,1.02,26.4,4.8,5.5,29.6
57820,543135,Nathan Eovaldi,32,BOS,1.5,92,4,0.54,92,20,20,0,109.3,6,3,0,3.87,4.53,4.25,1.23,22.4,4.3,5.2,25.4
102061,601713,Nick Pivetta,29,BOS,1.5,103,4.46,0.57,107,33,33,0,179.7,10,12,0,4.56,4.56,4.48,1.38,22.6,9.4,2.4,23.5
102625,641729,Joe Jiménez,27,DET,1.5,67,2.93,0.5,74,62,0,62,56.7,3,2,2,3.49,3.81,2.06,1.09,33.3,5.6,5.9,30.4
47965,445276,Kenley Jansen,34,ATL,1.5,74,3.2,0.58,87,65,0,65,64,5,2,41,3.38,3.52,3.26,1.05,32.7,8.5,3.9,27.7
108561,670167,John Schreiber,28,BOS,1.5,75,3.25,0.49,74,64,0,64,65,4,4,8,2.22,2.63,2.55,0.98,28.8,7.4,3.9,32.7
103056,642547,Freddy Peralta,26,MIL,1.5,82,3.58,0.54,93,18,17,1,78,4,4,0,3.58,3.58,3.01,1.04,27.1,8.5,3.2,29.7
135535,657746,Joe Ryan,26,MIN,1.5,99,4.33,0.65,111,27,27,0,147,13,8,0,3.55,3.67,3.94,1.1,25,7.8,3.2,25.8
58441,543521,Collin McHugh,35,ATL,1.5,78,3.39,0.55,86,58,0,58,69.3,3,2,0,2.6,2.6,2.65,0.94,27.6,5.1,5.4,27.3
68490,592094,Jason Adam,30,TB,1.5,74,3.22,0.52,81,67,0,67,63.3,2,3,8,1.56,1.71,2.92,0.76,31.6,7.2,4.4,38.8
60922,573204,Caleb Thielbar,35,MIN,1.5,71,3.1,0.64,80,67,0,67,59.3,4,3,1,3.49,3.94,2.37,1.16,32.7,7.3,4.4,30.3
67355,593576,Héctor Neris,33,HOU,1.4,76,3.32,0.57,84,70,0,70,65.3,6,4,3,3.72,3.99,2.29,1.01,30,6.5,4.6,30.5
108937,643377,Griffin Jax,27,MIN,1.4,81,3.51,0.54,85,65,0,65,72.3,7,4,1,3.36,3.61,3.22,1.05,26.9,6.9,3.9,29.6
112434,676879,Aaron Ashby,24,MIL,1.4,93,4.05,0.66,87,27,19,8,107.3,2,10,1,4.44,5.2,4.01,1.43,26.5,9.9,2.7,29.6
104739,656271,Brock Burke,25,TEX,1.4,85,3.72,0.57,89,52,0,52,82.3,7,5,0,1.97,2.73,3.35,1.06,27.4,7.3,3.8,25
105859,664747,Alexis Díaz,25,CIN,1.4,76,3.31,0.59,94,59,0,59,63.7,7,3,10,1.84,2.54,3.26,0.96,32.5,12.9,2.5,36
69637,606160,Rafael Montero,31,HOU,1.4,79,3.45,0.6,81,71,0,71,68.3,5,2,14,2.37,2.9,2.7,1.02,27,8.5,3.2,28.3
54159,455119,Chris Martin,36,,1.4,71,3.08,0.45,73,60,0,60,56,4,1,2,3.05,3.21,2.13,0.98,32.9,2.2,14.8,25.9
55530,453268,Daniel Bard,37,COL,1.4,75,3.25,0.5,83,57,0,57,60.3,6,4,34,1.79,2.24,2.81,0.99,28.2,10.2,2.8,27.6
108818,669211,Keegan Akin,27,BAL,1.4,86,3.75,0.64,87,45,1,44,81.7,3,3,2,3.2,3.86,3.65,1.09,23.4,6.1,3.9,25.8
104921,657024,Erik Swanson,28,SEA,1.3,70,3.04,0.5,76,57,1,56,53.7,3,2,3,1.68,1.84,1.9,0.91,34,4.9,7,29.7
102705,641941,Emilio Pagán,31,MIN,1.3,77,3.36,0.67,85,59,0,59,63,4,6,9,4.43,5.14,4.26,1.37,30.7,9.5,3.2,30.6
101728,625643,Reynaldo López,28,CHW,1.3,79,3.44,0.51,86,61,1,60,65.3,6,4,0,2.76,3.31,1.88,0.95,24.8,4.3,5.7,29.1
65801,502043,Kyle Gibson,34,PHI,1.3,103,4.5,0.59,101,31,31,0,167.7,10,8,0,5.05,5.26,4.22,1.34,20.1,6.7,3,25.1
102294,628452,Raisel Iglesias,32,,1.3,77,3.35,0.54,85,67,0,67,62,2,6,17,2.47,2.9,2.52,0.97,31.7,5.7,5.6,34.1
107732,666808,Camilo Doval,24,SF,1.3,81,3.52,0.61,82,68,0,68,67.7,6,6,27,2.53,3.59,3.03,1.24,28,10.5,2.7,30.7
59597,571479,Andrew Bellatti,30,PHI,1.3,72,3.12,0.67,82,59,1,58,54.3,4,4,2,3.31,4.14,2.82,1.33,33.9,10.9,3.1,37.5
49727,472610,Luis García,35,SD,1.3,77,3.34,0.54,77,64,0,64,61,4,6,3,3.39,4.13,2.66,1.21,26.3,6.6,4,30
57235,502085,David Robertson,37,,1.3,79,3.44,0.51,88,58,0,58,63.7,4,3,20,2.4,2.54,3.53,1.16,30.7,13.3,2.3,33
130442,682171,Penn Murfee,28,SEA,1.3,82,3.59,0.61,93,64,1,63,69.3,4,0,0,2.99,2.99,3.15,0.95,27.9,6.6,4.2,25
104855,656756,Jordan Montgomery,29,,1.3,105,4.55,0.47,100,32,32,0,178.3,9,6,0,3.48,3.63,3.56,1.09,21.8,5,4.4,27.6
139955,681911,Alex Vesia,26,LAD,1.3,73,3.16,0.61,80,63,0,63,54.3,5,0,1,2.15,2.32,2.06,1.12,34.8,10.6,3.3,33.8
104799,656529,Sam Hentges,25,CLE,1.3,79,3.42,0.54,76,57,0,57,62,3,2,1,2.32,2.47,2.54,0.97,29.4,7.8,3.8,30
108053,650633,Michael King,27,NYY,1.3,70,3.05,0.51,72,34,0,34,51,6,3,1,2.29,2.65,2.29,1,33.2,8,4.1,36.4
47279,445926,Jesse Chavez,38,,1.3,83,3.62,0.55,89,60,1,59,69.3,4,3,0,3.76,4.41,3.33,1.31,25.3,6.8,3.7,24.7
106140,623474,Jimmy Herget,28,LAA,1.3,83,3.61,0.54,89,49,1,48,69,2,1,9,2.48,2.61,2.77,0.91,23.7,5.6,4.2,25.3
107441,641329,Bryan Baker,27,BAL,1.3,84,3.64,0.55,89,66,2,64,69.7,4,3,1,3.49,3.75,2.68,1.23,26.1,8.9,2.9,27.4
58552,519151,Ryan Pressly,33,HOU,1.2,69,2.98,0.53,72,50,0,50,48.3,3,3,33,2.98,3.17,2.36,0.89,35.7,7.1,5,39.1
100718,622072,Alex Wood,31,SF,1.2,100,4.36,0.71,94,26,26,0,130.7,8,12,0,5.1,5.37,3.82,1.24,23.6,5.4,4.4,25
101231,623149,Paul Sewald,32,SEA,1.2,81,3.53,0.6,96,65,0,65,64,5,4,20,2.67,2.95,3.82,0.77,29.8,7,4.2,34.2
103808,605447,Jordan Romano,29,TOR,1.2,81,3.54,0.59,89,63,0,63,64,5,4,36,2.11,2.53,2.76,1.02,28.3,8.1,3.5,29.8
109027,640462,A.J. Puk,27,OAK,1.2,83,3.6,0.58,89,62,0,62,66.3,4,3,4,3.12,3.66,3.63,1.15,27,8.2,3.3,29.1
114191,680694,Kyle Bradish,25,BAL,1.2,99,4.29,0.62,97,23,23,0,117.7,4,7,0,4.9,5.2,4.4,1.4,21.8,9,2.4,23.6
100246,606149,Giovanny Gallegos,30,STL,1.2,79,3.43,0.61,91,57,0,57,59,3,6,14,3.05,3.51,2.93,1.02,31.1,7.7,4.1,35
70436,605177,Andrew Chafin,32,DET,1.2,78,3.38,0.56,81,64,0,64,57.3,2,3,3,2.83,4.08,3.12,1.17,27.6,7.8,3.5,31.7
47181,456713,Matt Bush,36,,1.2,79,3.46,0.52,88,65,6,59,59.7,2,3,3,3.47,4.68,4.14,1.02,30.3,7.4,4.1,30
57473,519043,Matt Moore,33,TEX,1.2,87,3.8,0.65,94,63,0,63,74,5,2,5,1.95,2.43,2.92,1.18,27.3,12.5,2.2,31.3
99954,573124,Taylor Rogers,31,,1.2,83,3.6,0.56,85,66,0,66,64.3,4,8,31,4.76,5.32,3.37,1.18,30.7,6.9,4.4,31.2
116555,669395,Dylan Coleman,25,KC,1.2,85,3.69,0.62,95,68,0,68,68,5,2,0,2.78,3.44,3.82,1.24,24.6,12.8,1.9,31.3
102428,640448,Kyle Finnegan,30,WAS,1.2,84,3.67,0.59,88,66,0,66,66.7,6,4,11,3.51,3.78,3.81,1.14,26.1,8.2,3.2,27.6
111244,656849,David Peterson,26,NYM,1.2,97,4.22,0.63,94,28,19,9,105.7,7,5,0,3.83,4.26,3.59,1.33,27.8,10.6,2.6,30.4
103426,643410,Mark Leiter Jr.,31,CHC,1.2,85,3.69,0.64,92,35,4,31,67.7,2,7,3,3.99,4.26,4.35,1.14,25.9,8.9,2.9,29.3
58823,542914,Anthony Bass,34,,1.2,86,3.75,0.52,92,73,0,73,70.3,4,3,0,1.54,1.92,2.94,1.01,26.5,7.3,3.6,31.4
70464,605347,Jorge López,29,,1.2,87,3.77,0.55,87,67,0,67,71,4,7,23,2.54,3.3,3.48,1.18,24.2,10.4,2.3,24.2
104816,656605,Mitch Keller,26,PIT,1.2,105,4.55,0.6,99,31,29,2,159,5,12,0,3.91,4.36,3.83,1.4,20.1,8.7,2.3,21.5
57424,446372,Corey Kluber,36,TB,1.2,105,4.57,0.59,102,31,31,0,164,10,10,0,4.34,4.5,3.52,1.21,20.2,3,6.6,23.8
71017,596001,Jakob Junis,29,SF,1.2,99,4.3,0.58,97,23,17,6,112,5,7,0,4.42,4.58,3.7,1.29,20.5,5.2,3.9,21.7
100110,573009,Joe Mantiply,31,AZ,1.1,82,3.56,0.54,77,69,0,69,60,2,5,2,2.85,3.3,2.77,1.08,25.1,2.5,10.2,29.3
107467,670280,David Bednar,27,PIT,1.1,76,3.3,0.64,83,45,0,45,51.7,3,4,19,2.61,3.31,2.38,1.12,32.9,7.6,4.3,33.3
70293,542888,Shawn Armstrong,31,,1.1,83,3.6,0.58,84,50,3,47,61.7,2,3,2,4.38,4.67,3.41,1.35,24.5,6.3,3.9,26.1
107636,650644,Aaron Civale,27,CLE,1.1,96,4.18,0.62,98,20,20,0,97,5,6,0,4.92,5.38,3.92,1.19,24.1,5.4,4.5,24.4
108089,669276,Dylan Lee,27,ATL,1.1,75,3.28,0.55,82,46,0,46,50.7,5,1,0,2.13,2.84,2.71,0.99,29.4,5,5.9,35.8
101384,623352,Josh Hader,28,,1.1,75,3.26,0.61,84,56,0,56,50,2,5,36,5.22,5.4,3.4,1.28,37,9.6,3.9,36.7
110406,669212,Eli Morgan,26,CLE,1.1,86,3.74,0.57,97,50,1,49,66.7,5,3,0,3.38,3.92,3.63,0.88,28.1,5.1,5.5,26.7
106989,622253,Dillon Tate,28,BAL,1.1,89,3.88,0.58,87,67,0,67,73.7,4,4,5,3.05,3.54,3.53,0.99,20.5,5.5,3.8,23.5
105831,660853,Enyel De Los Santos,26,CLE,1.1,78,3.39,0.66,85,50,0,50,53.3,5,0,1,3.04,3.04,2.68,1.07,28.4,7.9,3.6,30.1
70641,608379,Michael Wacha,30,BOS,1.1,102,4.43,0.62,108,23,23,0,127.3,11,2,0,3.32,3.46,4.09,1.12,20.2,6,3.4,20.7
70069,607625,Seth Lugo,32,NYM,1.1,86,3.73,0.6,91,62,0,62,65,3,2,3,3.6,3.6,3.7,1.17,25.4,6.6,3.8,23.7
104899,656945,Tanner Scott,27,MIA,1.1,85,3.68,0.76,89,67,0,67,62.7,4,5,20,4.31,4.88,3.73,1.61,31.1,15.9,2,35.7
100261,608337,Lucas Giolito,27,CHW,1.1,106,4.59,0.73,100,30,30,0,161.7,11,9,0,4.9,5.12,4.11,1.44,25.4,8.7,2.9,28.5
105904,664123,Scott Effross,28,,1.1,83,3.6,0.56,86,60,1,59,56.7,1,4,4,2.54,3.65,2.41,1.06,27.1,6.6,4.1,24
118309,672282,Reid Detmers,22,LAA,1,103,4.48,0.64,103,25,25,0,129,7,6,0,3.77,3.91,3.84,1.21,22.6,8.5,2.7,25.5
70822,605280,Clay Holmes,29,NYY,1,87,3.78,0.61,80,62,0,62,63.7,7,4,20,2.54,2.97,2.9,1.02,25,7.7,3.3,30
109041,670950,Trevor Richards,29,TOR,1,87,3.78,0.69,97,62,4,58,64,3,2,0,5.34,5.77,4.12,1.44,29.2,12.5,2.3,35.3
111013,676684,Will Vest,27,DET,1,87,3.76,0.6,89,59,2,57,63,3,3,1,4,4.29,3.49,1.33,23.2,8.1,2.9,23.8
101008,622554,Seranthony Domínguez,27,PHI,1,79,3.44,0.59,84,54,0,54,51,6,5,9,3,3.18,3.04,1.14,29.5,10.6,2.8,32.2
58350,518886,Craig Kimbrel,34,LAD,1,85,3.71,0.72,94,63,0,63,60,6,7,22,3.75,4.65,3.17,1.32,27.7,10.8,2.6,29.2
138046,663158,Robert Suarez,31,SD,1,77,3.34,0.68,84,45,0,45,47.7,5,1,1,2.27,2.45,3.16,1.05,31.9,11,2.9,25
105588,641360,Phil Bickford,26,LAD,1,86,3.74,0.69,93,60,0,60,61,2,1,0,4.72,4.87,4.21,1.1,27.1,5.7,4.8,25.2
100957,622503,Nabil Crismatt,27,SD,1,89,3.88,0.68,91,50,1,49,67.3,5,2,0,2.94,3.88,3.16,1.17,23.2,7.9,3,26.7
107792,670036,Matt Festa,29,SEA,1,82,3.57,0.68,89,53,0,53,54,2,0,2,4.17,4.33,4.32,1.13,29.2,8.2,3.6,30.5
105394,656222,Jalen Beeks,28,TB,1,86,3.75,0.6,89,42,7,35,61,2,3,2,2.8,3.25,3.44,1.16,28,8.8,3.2,31.3
105635,664141,JT Brubaker,28,PIT,1,105,4.57,0.68,97,28,28,0,144,3,12,0,4.69,5.31,3.86,1.47,22.8,8.4,2.7,27.5
58533,527048,Martín Pérez,31,TEX,1,109,4.73,0.58,99,32,32,0,196.3,12,8,0,2.89,3.21,3.32,1.26,20.6,8.4,2.4,21.1
110111,675916,James Karinchak,26,CLE,1,68,2.97,0.68,82,38,0,38,39,2,0,3,2.08,2.08,2.35,1.1,38.8,13.1,3,35.1
66543,571710,Mychal Givens,32,,1,87,3.78,0.59,92,59,1,58,61.3,7,3,2,3.38,3.96,3.91,1.32,27.3,9.6,2.8,27
100273,608566,Germán Márquez,27,COL,1,108,4.7,0.6,106,31,31,0,181.7,9,13,0,4.95,5.4,4.66,1.37,19.3,8.1,2.4,23.1
102770,642152,Lou Trivino,30,,1,83,3.6,0.65,83,64,0,64,53.7,2,8,11,4.53,5.2,3.69,1.64,26.8,9.6,2.8,27.8
110051,676714,Brandon Hughes,26,CHC,1,85,3.72,0.69,97,57,0,57,57.7,2,3,8,3.12,3.43,4.58,1.09,28.5,8.8,3.2,33.4
100518,621107,Zach Eflin,28,PHI,1,94,4.09,0.61,97,20,13,7,75.7,3,5,1,4.04,4.52,3.62,1.12,20.8,4.8,4.3,22.2
101639,624522,Keegan Thompson,27,CHC,1,103,4.46,0.64,106,29,17,12,115,10,5,1,3.76,4.23,4.45,1.27,22.3,8.9,2.5,24.6
108935,667427,Zach Jackson,27,OAK,1,80,3.49,0.79,93,54,0,54,48,2,3,3,3,3.38,2.72,1.27,33.2,16.3,2,33.6
68444,547179,Michael Lorenzen,30,LAA,0.9,100,4.35,0.71,101,18,18,0,97.7,8,6,0,4.24,4.42,4.26,1.28,20.7,10.7,1.9,25.3
108282,667297,Tommy Nance,31,MIA,0.9,77,3.34,0.65,82,35,2,33,43.7,2,3,0,4.33,4.53,3.76,1.51,29.1,10.7,2.7,29.7
70778,596057,Daniel Norris,29,,0.9,88,3.81,0.57,93,41,3,38,58.7,2,4,0,5.22,5.98,5.2,1.26,26.4,11.6,2.3,31.6
107237,663558,Jovani Moran,25,MIN,0.9,74,3.21,0.67,77,31,0,31,40.7,0,1,1,2.21,2.43,1.73,1.06,32.9,11,3,39
69887,607259,Nick Martinez,31,SD,0.9,102,4.43,0.64,102,47,10,37,106.3,4,4,8,3.47,3.72,4.37,1.29,21.2,9.2,2.3,25.6
106975,660761,José Suarez,24,LAA,0.9,102,4.45,0.71,100,22,20,2,109,8,8,0,3.96,4.05,3.86,1.25,22.3,7.1,3.1,24.5
107559,665795,Edward Cabrera,24,MIA,0.9,94,4.07,0.7,102,14,14,0,71.7,6,4,0,3.01,3.01,4.54,1.07,25.8,11.3,2.3,31.3
59507,548384,Brooks Raley,34,TB,0.9,86,3.73,0.62,91,60,0,60,53.7,1,2,6,2.68,3.19,2.69,0.97,27.9,6.8,4.1,28
66246,570257,Joely Rodríguez,30,NYM,0.9,84,3.64,0.66,86,55,0,55,50.3,2,4,0,4.47,5.01,3.29,1.35,26.4,12,2.2,29.6
102077,608665,Kendall Graveman,31,CHW,0.9,92,3.99,0.67,91,65,0,65,65,3,4,6,3.18,4.02,3.48,1.4,23.2,9.1,2.5,27.1
108957,641778,Eric Lauer,27,MIL,0.9,108,4.69,0.66,113,29,29,0,158.7,11,7,0,3.69,4.03,4.44,1.22,23.8,8.9,2.7,24.2
55725,518553,Steve Cishek,36,WAS,0.9,92,4.02,0.69,100,69,0,69,66.3,1,4,1,4.21,4.48,4.79,1.22,25.8,9.4,2.7,26.3
109128,666129,Braxton Garrett,24,MIA,0.9,99,4.3,0.71,93,17,17,0,88,3,7,0,3.58,3.89,3.5,1.25,24.1,6.4,3.8,26.6
66174,554340,Yimi Garcia,31,TOR,0.9,90,3.93,0.68,96,61,0,61,61,4,5,1,3.1,3.84,3.53,1.05,23.5,6.5,3.6,24.1
106414,664208,Phil Maton,29,HOU,0.9,93,4.03,0.71,100,67,0,67,65.7,0,2,0,3.84,4.66,4.28,1.25,26,8.5,3,30.3
68933,595345,Steven Okert,30,MIA,0.9,86,3.72,0.74,96,60,0,60,51.3,5,5,0,2.98,3.33,4.3,1.17,28.5,11.8,2.4,30
65809,502202,Brad Boxberger,34,MIL,0.9,92,4.02,0.68,101,70,0,70,64,4,3,1,2.95,3.23,3.62,1.23,25.4,10.1,2.5,24.5
107962,663855,Jordan Hicks,25,STL,0.9,91,3.98,0.68,92,35,8,27,61.3,3,6,0,4.84,4.84,4.23,1.32,24,13.3,1.8,23.9
108290,656793,Nick Nelson,26,PHI,0.9,95,4.11,0.77,101,47,2,45,68.7,3,2,1,4.85,4.98,3.1,1.49,22.5,11.8,1.9,28.7
109130,672335,Cionel Pérez,26,BAL,0.8,90,3.92,0.68,90,66,0,66,57.7,7,1,1,1.4,1.72,2.86,1.16,23.5,9,2.6,27.5
104824,656629,Michael Kopech,26,CHW,0.8,105,4.57,0.65,117,25,25,0,119.3,5,9,0,3.54,4,4.55,1.19,21.3,11.5,1.8,24.2
70361,571948,Hoby Milner,31,MIL,0.8,94,4.08,0.71,91,67,0,67,64.7,3,3,0,3.76,4.04,3.1,1.18,23.5,5.5,4.3,23.7
106074,660813,Brusdar Graterol,23,LAD,0.8,87,3.78,0.55,84,46,1,45,49.7,2,4,4,3.26,3.62,2.9,0.99,21.8,5.1,4.3,21.1
59351,523260,Joe Kelly,34,CHW,0.8,76,3.3,0.79,76,43,1,42,37,1,3,1,6.08,6.32,3.11,1.59,31.2,13.5,2.3,34
106145,664353,José Urquidy,27,HOU,0.8,109,4.75,0.66,113,29,28,1,164.3,13,8,0,3.94,4.05,4.54,1.17,19.7,5.6,3.5,22.3
105736,664199,Taylor Clarke,29,KC,0.8,87,3.76,0.69,93,47,0,47,49,3,1,3,4.04,4.59,3.35,1.18,23.6,3.9,6,25.2
55617,518489,Ryan Brasier,34,BOS,0.8,94,4.07,0.69,94,68,0,68,62.3,0,3,1,5.78,6.21,3.56,1.3,24.3,4.9,4.9,25.1
100067,571656,Buck Farmer,31,CIN,0.8,85,3.72,0.71,93,44,0,44,47,2,2,2,3.83,4.02,3.08,1.3,27.1,12.6,2.2,31.7
108430,615698,Cal Quantrill,27,CLE,0.8,111,4.81,0.51,112,32,32,0,186.3,15,5,0,3.38,3.77,4.18,1.21,16.6,6.1,2.7,18.5
111116,656557,Tanner Houck,26,BOS,0.8,93,4.06,0.65,94,32,4,28,60,5,4,8,3.15,3.3,3.35,1.18,22.7,8.9,2.5,29.2
31361,425794,Adam Wainwright,40,STL,0.8,111,4.82,0.55,106,32,32,0,191.7,11,12,0,3.71,3.76,3.61,1.28,17.8,6.7,2.6,16.9
103250,642758,Domingo Acevedo,28,OAK,0.8,97,4.2,0.67,104,70,0,70,67.7,4,4,4,3.33,3.46,4.07,0.99,21.8,6.4,3.4,31.4
100576,621249,Duane Underwood Jr.,27,PIT,0.8,93,4.02,0.76,92,51,1,50,57.3,1,6,1,4.4,5.49,2.98,1.45,22,9.7,2.3,27.4
114244,666374,Matt Brash,24,SEA,0.8,89,3.88,0.82,90,39,5,34,50.7,4,4,0,4.44,4.44,3.56,1.56,27.9,14.9,1.9,31.6
106928,622098,Drew Smith,28,NYM,0.8,86,3.76,0.71,97,44,0,44,46,3,3,0,3.33,3.33,4.28,1.15,28.3,8,3.5,31
103842,621383,Tanner Banks,30,CHW,0.8,91,3.96,0.75,94,35,0,35,53,2,0,0,3.06,4.25,3.51,1.13,22.6,8.3,2.7,19.4
71343,605218,Carl Edwards Jr.,30,WAS,0.8,95,4.14,0.6,99,57,0,57,62,6,3,2,2.76,3.19,4.3,1.23,21.9,9.8,2.2,24.5
109502,641401,Connor Brogdon,27,PHI,0.8,85,3.72,0.73,94,47,0,47,44,2,2,2,3.27,3.27,3.49,1.25,26.6,5.9,4.5,33.2
104324,650671,José Quijada,26,LAA,0.8,83,3.6,0.82,92,42,0,42,40.7,0,5,3,3.98,4.2,3.8,1.13,30.8,12.4,2.5,32.4
105933,664126,Pete Fairbanks,28,TB,0.8,58,2.52,0.49,53,24,0,24,24,0,0,8,1.13,1.13,0.92,0.67,43.7,3.4,12.7,35.5
68691,592773,Ryne Stanek,30,HOU,0.8,92,4,0.75,100,59,0,59,54.7,2,1,1,1.15,1.32,2.97,1.23,27.7,13.8,2,35.1
55842,518617,Jake Diekman,35,,0.8,94,4.07,0.79,100,70,0,70,57.7,5,4,1,4.99,6.24,4.95,1.63,29.4,15.6,1.9,32.8
101993,640451,Hunter Harvey,27,WAS,0.7,82,3.56,0.59,86,38,0,38,39.3,2,1,0,2.52,2.75,2.02,1.14,28.7,7.6,3.8,27.5
102632,641745,Brad Keller,26,KC,0.7,109,4.72,0.67,105,35,22,13,139.7,6,14,1,5.09,5.54,4.45,1.5,16.5,9.2,1.8,21.7
104483,650895,Diego Castillo,28,SEA,0.7,93,4.04,0.71,98,59,0,59,54.3,7,3,7,3.64,4.47,3.74,1.14,23.9,9.9,2.4,26.5
100206,592866,Trevor Williams,30,NYM,0.7,103,4.49,0.64,106,30,9,21,89.7,3,5,1,3.21,3.41,3.83,1.23,22.6,6.2,3.7,23.8
106036,664139,Ian Gibaut,28,,0.7,80,3.47,0.87,85,34,0,34,36,1,2,1,4.5,4.5,3.06,1.58,30,11.3,2.7,25.7
60107,572193,Ryan Tepera,34,LAA,0.7,94,4.11,0.72,103,59,0,59,57.3,5,4,6,3.61,4.24,4.27,1.08,20.3,8.6,2.4,30.7
107174,621111,Walker Buehler,27,LAD,0.7,97,4.23,0.71,97,12,12,0,65,6,3,0,4.02,4.15,3.75,1.29,21.2,6.2,3.4,24.8
108954,669270,Joel Kuhnel,27,CIN,0.7,95,4.12,0.65,90,53,0,53,58,2,3,1,6.36,6.36,4.01,1.4,22,5.5,4,25.3
110249,676760,Ron Marinaccio,26,NYY,0.7,87,3.8,0.77,99,40,0,40,44,1,0,0,2.05,2.45,3.26,1.05,30.9,13.3,2.3,33.3
59012,541640,Erasmo Ramírez,32,WAS,0.7,103,4.47,0.65,104,60,2,58,86.3,4,2,0,2.92,3.23,4,1.08,17.6,4,4.4,21.4
102658,641835,Tim Mayza,30,TOR,0.7,91,3.94,0.65,87,63,0,63,48.7,8,1,2,3.14,3.51,3.92,1.11,22.8,6.2,3.7,23.2
69788,606424,Jarlín García,29,SF,0.7,98,4.25,0.73,103,58,0,58,65,1,4,1,3.74,4.71,4.32,1.2,20.7,6.7,3.1,25.1
58281,519293,Will Smith,32,,0.7,96,4.16,0.71,103,65,0,65,59,0,3,5,3.97,5.34,4.21,1.41,24.9,9.6,2.6,31
68717,592858,Rowan Wick,29,CHC,0.7,98,4.25,0.87,96,64,0,64,64,4,7,9,4.22,5.2,4.14,1.69,23.5,9.9,2.4,23.6
106454,656730,Trevor Megill,28,MIN,0.7,89,3.89,0.73,90,39,0,39,45,4,3,0,4.8,5.8,3.35,1.49,25,8.7,2.9,25.3
111290,657376,Clarke Schmidt,26,NYY,0.7,96,4.17,0.66,100,29,3,26,57.7,5,5,2,3.12,3.59,3.65,1.2,23.7,9.7,2.4,26.9
58268,475479,David Phelps,35,TOR,0.7,98,4.27,0.78,104,65,1,64,63.7,0,2,1,2.83,3.11,3.11,1.3,23.5,11.4,2.1,19.5
100521,621121,Lance McCullers Jr.,28,HOU,0.7,91,3.97,0.77,93,8,8,0,47.7,4,2,0,2.27,2.27,3.44,1.24,25.6,11.3,2.3,27.1
102084,608723,Austin Voth,30,,0.7,106,4.61,0.66,110,41,17,24,101.7,5,4,0,4.34,4.6,4.19,1.4,20.4,7,2.9,24.6
103333,643256,Adam Cimber,31,TOR,0.7,100,4.37,0.64,101,77,0,77,70.7,10,6,4,2.8,3.57,3.52,1.12,19.8,4.4,4.5,20.8
67604,593974,Wandy Peralta,30,NYY,0.7,96,4.17,0.69,95,56,0,56,56.3,3,4,4,2.72,3.04,2.92,1.05,21.1,7.6,2.8,34
100323,608717,Chris Stratton,31,,0.7,99,4.29,0.59,98,60,1,59,63.3,10,4,2,4.26,4.83,3.37,1.53,21.5,9,2.4,26.4
109104,669330,Tyler Wells,27,BAL,0.7,106,4.63,0.69,115,23,23,0,103.7,7,7,0,4.25,4.25,4.47,1.14,18,6.6,2.7,25.1
103580,644364,Víctor Arano,27,WAS,0.7,88,3.85,0.81,88,43,0,43,42,1,1,1,4.5,6.43,3.65,1.4,23.5,6.4,3.7,29.6
125512,579328,Yusei Kikuchi,31,TOR,0.6,106,4.63,0.82,105,32,20,12,100.7,6,7,1,5.19,5.99,5.56,1.5,27.3,12.8,2.1,31.1
109622,672710,Roansy Contreras,22,PIT,0.6,106,4.59,0.75,112,21,18,3,95,5,5,0,3.79,4.26,4.43,1.27,21.1,9.6,2.2,27.6
70437,605182,Mike Clevinger,31,SD,0.6,108,4.7,0.73,117,23,22,1,114.3,7,7,0,4.33,4.41,5.03,1.2,18.8,7.2,2.6,24.4
69377,600917,José Leclerc,28,TEX,0.6,93,4.05,0.8,104,39,0,39,47.7,0,3,7,2.83,3.21,3.78,1.13,27.3,10.6,2.6,37.7
128959,656731,Tylor Megill,26,NYM,0.6,93,4.05,0.7,97,15,9,6,47.3,4,2,0,5.13,5.13,3.82,1.25,25.5,6.5,3.9,27.6
100519,621112,Paul Blackburn,28,OAK,0.6,108,4.69,0.75,105,21,21,0,111.3,7,6,0,4.28,4.28,4.26,1.26,19.1,6.4,3,23.7
58404,476595,Lucas Luetge,35,NYY,0.6,98,4.25,0.78,99,50,0,50,57.3,4,4,2,2.67,2.98,3.08,1.4,23.9,6.8,3.5,27.4
99857,571670,Dylan Floro,31,MIA,0.6,96,4.19,0.64,99,56,0,56,53.7,1,3,10,3.02,3.86,3.08,1.17,21.8,6.8,3.2,22.3
109005,670912,Johan Oviedo,24,,0.6,97,4.24,0.61,98,21,8,13,56,4,3,0,3.21,3.38,3.68,1.29,22.3,9.5,2.3,24.8
100305,608678,Dominic Leone,30,SF,0.6,94,4.11,0.77,99,55,0,55,49.3,4,5,3,4.01,4.38,4.1,1.6,23.4,10.8,2.2,35.8
100612,621381,Matt Strahm,30,BOS,0.6,92,4,0.85,96,50,0,50,44.7,4,4,4,3.83,4.84,3.66,1.23,26.9,8.8,3.1,23.4
109172,621074,Michael Rucker,28,CHC,0.6,97,4.22,0.69,101,41,0,41,54.7,3,1,0,3.95,4.12,4.23,1.28,21.8,8.7,2.5,26.8
102601,641627,Trevor Gott,29,MIL,0.6,93,4.04,0.73,100,45,0,45,45.7,3,4,0,4.14,4.93,4.5,1.03,23.7,6.5,3.7,25.7
108406,621363,Colin Poche,28,TB,0.6,99,4.29,0.7,107,65,0,65,58.7,4,2,7,3.99,4.6,4.6,1.16,26.1,9,2.9,28
101287,623211,Huascar Brazoban,32,MIA,0.6,82,3.57,0.83,89,27,0,27,32,1,1,0,3.09,3.66,4.04,1.47,28.4,14.9,1.9,40.2
109650,676710,Kutter Crawford,26,BOS,0.6,104,4.51,0.78,107,21,12,9,77.3,3,6,0,5.47,5.7,4.29,1.42,23.1,8.7,2.7,25.6
105417,659275,Dinelson Lamet,29,,0.6,83,3.59,0.71,95,32,0,32,32.3,1,2,0,6.12,6.4,4.02,1.52,30.2,12.8,2.4,39.7
70188,608032,Carlos Estévez,29,COL,0.6,98,4.28,0.75,108,62,0,62,57,4,4,2,3.47,4.26,4.13,1.18,23,9.8,2.3,21.7
103196,642701,Dennis Santana,26,TEX,0.6,99,4.32,0.71,101,63,1,62,58.7,3,8,1,5.22,5.98,3.41,1.33,21.2,11,1.9,27.4
106294,664875,Justin Lawrence,27,COL,0.6,92,4,0.86,92,38,0,38,42.7,3,1,1,5.7,5.7,3.34,1.55,25.1,11.5,2.2,24.7
102052,594580,Sam Moll,30,OAK,0.6,93,4.03,0.76,95,53,0,53,43.3,2,1,0,2.91,3.32,4.17,1.27,24.6,11.8,2.1,24.7
100408,614179,José Ruiz,27,CHW,0.6,101,4.37,0.91,105,63,0,63,60.7,1,0,0,4.6,4.75,4.49,1.42,25.7,12.5,2.1,29.3
109892,656458,Lucas Gilbreath,26,COL,0.6,93,4.05,0.86,95,47,0,47,43,2,0,0,4.19,4.6,3.59,1.47,26.2,13.9,1.9,29.5
70445,605242,Michael Fulmer,29,,0.6,102,4.42,0.65,107,67,0,67,63.7,5,6,3,3.39,3.82,3.62,1.37,22.1,10.1,2.2,28.9
108953,665152,Dean Kremer,26,BAL,0.6,110,4.79,0.66,108,22,21,1,125.3,8,7,0,3.23,3.45,3.85,1.25,17,6.6,2.6,22.3
122051,680686,Josiah Gray,24,WAS,0.6,112,4.85,0.71,120,28,28,0,148.7,7,10,0,5.02,5.09,5.8,1.36,23.7,10.2,2.3,27
57996,543339,Daniel Hudson,35,LAD,0.5,75,3.27,0.65,79,25,0,25,24.3,2,3,5,2.22,2.59,2.1,0.9,30.9,5.2,6,34.1
137998,657265,Peter Strzelecki,27,MIL,0.5,89,3.85,0.77,96,30,0,30,35,2,1,1,2.83,3.34,3,1.23,27,10.1,2.7,31
58044,544365,Manny Bañuelos,31,,0.5,93,4.05,0.75,94,35,0,35,41,2,1,1,4.39,5.05,3.51,1.29,24,12,2,28
99821,571927,Steven Matz,31,STL,0.5,97,4.22,0.81,95,15,10,5,48,5,3,0,5.25,5.25,3.72,1.25,26.1,4.8,5.4,27.8
100720,622075,Yency Almonte,28,LAD,0.5,89,3.88,0.69,93,33,0,33,35.3,0,0,1,1.02,1.02,3.22,0.79,24.4,7.4,3.3,34
108966,666159,Matt Manning,24,DET,0.5,102,4.45,0.71,107,12,12,0,63,2,3,0,3.43,3.86,3.83,1.17,18.3,7.2,2.5,22.4
60619,571901,Aaron Loup,34,LAA,0.5,101,4.4,0.84,97,65,0,65,58.7,0,5,1,3.84,5.83,3.82,1.3,20,8.5,2.4,24.4
108873,641540,Dane Dunning,27,TEX,0.5,112,4.87,0.74,103,29,29,0,153.3,4,8,0,4.46,4.7,4.5,1.43,20.4,9.2,2.2,24.7
111103,640444,Wil Crowe,27,PIT,0.5,105,4.58,0.74,105,60,1,59,76,6,10,4,4.38,4.74,4.37,1.39,20.5,11.4,1.8,27.6
70543,607179,Jordan Weems,29,WAS,0.5,93,4.07,0.84,102,32,0,32,39.7,0,1,0,5.22,5.45,4.3,1.18,24.7,7.2,3.4,24.4
67143,592826,Vince Velasquez,30,CHW,0.5,106,4.59,0.73,110,27,9,18,75.3,3,3,0,4.78,5.02,4.31,1.23,21.6,7.8,2.8,25.2
54694,456034,David Price,36,LAD,0.5,94,4.09,0.68,91,40,0,40,40.3,2,0,2,2.45,2.45,3.94,1.17,22.2,5.4,4.1,18.6
109174,671345,Jason Foley,26,DET,0.5,102,4.45,0.7,90,60,0,60,60.3,1,0,0,3.88,4.03,2.82,1.38,16.8,4.3,3.9,16.7
68688,592767,Drew Smyly,33,CHC,0.5,110,4.77,0.62,107,22,22,0,106.3,7,8,0,3.47,3.89,4.18,1.19,20.4,5.8,3.5,25.4
105739,664076,Garrett Cleavinger,28,,0.5,77,3.33,0.58,82,17,0,17,23,1,1,0,3.91,4.7,2.45,0.91,34.8,7.6,4.6,30.6
68320,598287,Noé Ramirez,32,AZ,0.5,99,4.33,0.77,105,55,0,55,50,5,4,0,5.22,5.76,5.1,1.42,23.7,12.1,2,27.6
104651,656061,Albert Abreu,26,,0.5,94,4.09,0.57,97,33,0,33,38.7,2,2,0,3.26,3.49,4.71,1.47,22.1,12.8,1.7,27.1
106871,622250,Josh Sborz,28,TEX,0.5,76,3.3,0.8,88,19,1,18,22.3,1,0,0,6.45,6.45,4.11,1.61,32,11,2.9,35.3
111133,641927,Bailey Ober,26,MIN,0.5,102,4.43,0.74,108,11,11,0,56,2,3,0,3.21,3.54,2.97,1.05,22.5,4.8,4.6,27.6
51645,500779,José Quintana,33,,0.5,113,4.92,0.55,102,32,32,0,165.7,6,7,0,2.93,3.31,2.94,1.21,20.2,6.9,2.9,23.9
103054,642545,Jaime Barría,25,LAA,0.5,107,4.66,0.67,112,35,1,34,79.3,3,3,0,2.61,3.29,4.33,1.03,17.1,6,2.8,23.1
104928,657044,Ryan Thompson,30,TB,0.5,97,4.23,0.76,96,47,0,47,42.7,3,3,3,3.8,5.06,3.47,1.17,21.5,6.1,3.5,24.1
108169,661527,Seth Martinez,27,HOU,0.5,95,4.15,0.74,101,29,0,29,38.7,1,1,0,2.09,2.33,3.37,1.03,24.5,9,2.7,25.6
69756,606303,Joel Payamps,28,,0.5,103,4.47,0.67,98,41,0,41,55.7,3,6,0,3.23,3.88,4.3,1.37,17,6.6,2.6,22.7
71057,607481,Aaron Bummer,28,CHW,0.5,86,3.73,0.89,80,32,0,32,26.7,2,1,2,2.36,3.71,3.24,1.5,25.6,8.5,3,27.6
104839,656685,Brett Martin,27,TEX,0.4,101,4.41,0.8,98,55,1,54,50,1,7,3,4.14,4.86,3.69,1.36,18.9,8.5,2.2,24.6
102921,642397,Gregory Soto,27,DET,0.4,104,4.54,0.86,101,64,0,64,60.3,2,11,30,3.28,4.77,3.65,1.38,22.8,12.9,1.8,25.7
106598,661383,Oliver Ortega,25,LAA,0.4,94,4.09,0.87,97,27,0,27,34,1,3,1,3.71,4.76,4.71,1.47,22.3,12.2,1.8,23.8
140335,681806,Andrew Wantz,26,LAA,0.4,102,4.44,0.87,112,42,1,41,50.3,2,1,0,3.22,3.4,4.54,1.15,25.5,10.3,2.5,32.1
103721,640455,Sean Manaea,30,SD,0.4,114,4.94,0.72,110,30,28,2,158,8,9,0,4.96,5.41,4.59,1.3,23.2,7.5,3.1,25.6
70946,607237,Amir Garrett,30,KC,0.4,100,4.37,0.83,107,60,0,60,45.3,3,1,0,4.96,5.16,3.45,1.32,25,16.3,1.5,26.4
104760,656354,Austin Davis,29,,0.4,104,4.52,0.86,106,52,3,49,56,2,1,0,5.79,6.27,3.97,1.61,24.2,12.5,1.9,26.2
106516,664294,Dauri Moreta,26,CIN,0.4,97,4.23,0.79,107,35,1,34,38.3,0,2,1,5.4,5.63,5.85,1.17,24.4,8.1,3,27.7
106709,663432,Tanner Rainey,29,WAS,0.4,91,3.97,0.89,100,29,0,29,30,1,3,12,3.3,4.8,4.12,1.3,28.1,10.2,2.8,33.5
70432,605154,John Brebbia,32,SF,0.4,107,4.64,0.7,106,76,11,65,68,6,2,0,3.18,3.57,3.37,1.31,18.8,6.3,3,23.4
102634,641755,Tyler Kinley,31,COL,0.4,85,3.68,0.83,89,25,0,25,24,1,1,0,0.75,1.88,1.79,1.13,27,6,4.5,32.3
70913,596133,Luke Weaver,28,,0.4,96,4.17,0.78,98,26,1,25,35.7,1,1,0,6.56,7.32,2.75,1.82,21.8,7.5,2.9,22.9
101446,623451,Jackson Stephens,28,ATL,0.4,104,4.51,0.82,104,39,1,38,53.7,3,3,2,3.69,5.37,3.49,1.34,20,9.8,2,22.2
107084,663989,Nick Vespi,26,BAL,0.4,88,3.82,0.83,91,25,0,25,26.3,5,0,1,4.1,4.1,4.43,1.41,25,7.1,3.5,31.8
102308,628708,Yunior Marte,27,SF,0.4,102,4.43,0.82,102,39,0,39,48,1,1,0,5.44,6,4.44,1.44,20.6,10.3,2,26.3
108893,656464,Kevin Ginkel,28,AZ,0.4,91,3.97,0.89,90,30,0,30,29.3,1,1,1,3.38,4.3,2.79,1.3,24.2,8.9,2.7,27.1
67182,593334,Domingo Germán,29,NYY,0.4,108,4.68,0.77,110,15,14,1,72.3,2,5,0,3.61,3.86,4.39,1.16,19.5,6.4,3.1,24.4
107229,666204,Dany Jiménez,28,OAK,0.4,95,4.15,0.87,104,34,0,34,34.3,3,4,11,3.41,4.19,3.41,1.19,23.4,12.4,1.9,35.1
67132,592789,Noah Syndergaard,29,,0.4,113,4.91,0.56,109,25,24,1,134.7,10,10,0,3.94,4.14,3.89,1.25,16.8,5.5,3.1,20.2
69826,606625,Reyes Moronta,29,,0.4,98,4.25,0.7,108,39,0,39,37.7,2,2,2,4.3,4.78,4.36,1.27,23.6,11.2,2.1,26.7
100292,608648,Tyler Duffey,31,MIN,0.4,101,4.38,0.79,102,40,0,40,44,2,4,2,4.91,4.91,4.74,1.36,21.1,8.1,2.6,25.1
141089,621051,Steven Wilson,27,SD,0.4,104,4.52,0.8,117,50,1,49,53,4,2,1,3.06,3.4,4.19,1.06,24.8,9.3,2.6,28.5
110427,676050,Packy Naughton,26,STL,0.4,95,4.11,0.78,90,26,3,23,32,0,2,1,4.78,4.78,3.09,1.44,22,5,4.4,27.9
107839,665621,Rony García,24,DET,0.4,104,4.51,0.73,111,16,8,8,51,3,3,0,4.41,4.76,4.58,1.04,23.3,6.3,3.7,21.7
110436,669459,Kyle Nelson,25,AZ,0.4,98,4.26,0.84,102,43,1,42,37,2,1,0,2.19,2.43,3.28,1.08,19.9,9.3,2.1,26
67118,592741,Chasen Shreve,31,NYM,0.4,90,3.9,0.87,98,25,0,25,26.3,1,1,0,6.49,6.49,5.07,1.41,25.4,8.8,2.9,29.2
109417,669358,Shane Baz,23,TB,0.4,91,3.94,0.91,94,6,6,0,27,1,2,0,5,5,4.46,1.33,25.6,7.7,3.3,30.6
135865,680704,Nick Sandlin,25,CLE,0.4,102,4.42,0.75,102,46,0,46,44,5,2,0,2.25,2.66,3.74,1.16,22.8,13.3,1.7,27.6
123765,663546,Sean Hjelle,25,SF,0.4,89,3.86,0.83,85,8,0,8,25,1,2,0,5.76,6.84,3.57,1.64,24.3,7,3.5,20.5
109106,669952,Mitch White,27,,0.4,111,4.84,0.63,109,25,18,7,99,1,7,0,5.45,5.64,3.93,1.46,17.7,8,2.2,19
106956,622251,Josh Staumont,28,KC,0.4,99,4.31,1.13,109,42,0,42,37.7,3,3,3,6.45,6.69,4.2,1.75,24.4,16.5,1.5,27.5
102757,642121,Cole Sulser,32,MIA,0.4,97,4.22,0.88,98,39,0,39,34,1,4,2,5.29,6.09,4.53,1.62,25.5,10.7,2.4,30.7
113690,656234,Jake Bird,26,COL,0.4,104,4.5,0.79,102,38,0,38,47.7,2,4,0,4.91,5.48,4.9,1.43,19.9,10.9,1.8,20.8
102644,641793,Zack Littell,26,SF,0.4,103,4.46,0.9,103,39,0,39,44.3,3,3,1,5.08,5.08,4.7,1.38,20.5,6.8,3,27.3
104777,656420,J.P. Feyereisen,29,TB,0.4,90,3.89,0.65,96,22,2,20,24.3,4,0,1,0,0.37,1.62,0.49,29.1,5.8,5,33.5
60655,572070,Garrett Richards,34,TEX,0.4,102,4.45,0.83,99,32,2,30,42.7,1,1,1,5.27,5.91,3.41,1.34,19.5,7,2.8,26.1
144213,686753,Drey Jameson,24,AZ,0.4,90,3.9,0.85,88,4,4,0,24.3,3,0,0,1.48,1.48,3.25,1.11,24.5,7.1,3.4,26.3
58905,544727,Jeurys Familia,32,,0.4,103,4.48,0.84,100,48,0,48,44.3,2,3,0,6.09,6.9,5,1.8,20.1,10.8,1.9,26.9
105834,660787,Yerry De Los Santos,24,PIT,0.4,92,3.99,0.84,94,26,0,26,25.7,0,3,3,4.91,6.31,3.95,1.29,23.2,9.8,2.4,21.3
46755,489334,Craig Stammen,38,SD,0.4,102,4.43,0.84,101,33,1,32,40.7,1,2,0,4.43,4.87,5.21,1.35,19.8,5.6,3.5,26.3
140615,669713,Hayden Wesneski,24,CHC,0.3,98,4.28,0.79,99,6,4,2,33,3,2,0,2.18,2.45,3.15,0.94,25,5.3,4.7,25.7
107809,641582,Matt Foster,27,CHW,0.3,104,4.52,0.88,110,48,0,48,45,1,2,1,4.4,5,4.17,1.33,21.8,8.8,2.5,21.2
106490,664948,Anthony Misiewicz,27,,0.3,96,4.17,0.72,101,32,0,32,29,1,2,0,4.34,4.66,4.13,1.28,22.3,8.3,2.7,24.1
99839,572955,Pierce Johnson,31,SD,0.3,73,3.16,0.85,76,15,0,15,14.3,1,2,0,5.02,5.02,2.82,1.53,32.8,12.5,2.6,28
50555,503285,Darren O'Day,39,ATL,0.3,88,3.85,0.88,95,28,0,28,21.7,2,2,0,4.15,4.98,3.98,1.34,27.7,10.6,2.6,28.1
105950,657571,Caleb Ferguson,25,LAD,0.3,100,4.35,1.04,101,37,1,36,34.7,1,0,0,1.82,2.34,2.94,1.15,26.1,12,2.2,26.8
66339,570666,Luis Cessa,30,CIN,0.3,111,4.82,0.72,109,46,10,36,80.7,4,4,0,4.57,4.91,4.97,1.29,17.6,8.3,2.1,22.1
111247,647315,Zach Pop,25,,0.3,102,4.44,0.63,96,35,0,35,39,4,0,0,2.77,3,3.01,1.15,15.9,2.5,6.3,18.7
102051,594577,Mike Mayers,30,LAA,0.3,106,4.62,0.89,110,24,3,21,50.7,1,1,0,5.68,6.22,6.31,1.38,20.2,8.1,2.5,26.1
113331,678394,Brayan Bello,23,BOS,0.3,108,4.68,0.88,93,13,11,2,57.3,2,8,0,4.71,5.34,2.88,1.78,20.5,10.1,2,26.1
148629,693821,Bryce Elder,23,ATL,0.3,107,4.65,0.81,106,10,9,1,54,2,4,0,3.17,3.17,3.72,1.24,20.7,10.1,2,23.9
100368,612434,Miguel Castro,27,NYY,0.3,97,4.21,1,97,34,0,34,29,5,0,0,4.03,4.97,3.89,1.45,23.7,11.5,2.1,32.3
50101,502042,Chris Archer,33,MIN,0.3,113,4.9,0.73,113,25,25,0,102.7,2,8,0,4.56,4.91,4.54,1.31,19.2,11,1.8,24.2
71071,607455,Anthony Banda,28,,0.3,96,4.16,0.82,101,32,1,31,26.7,1,1,0,6.75,6.75,4.56,2.1,22.2,9.6,2.3,21
106391,661309,Adrián Martínez,25,OAK,0.3,108,4.71,0.91,106,12,12,0,57.7,4,6,0,6.24,6.55,5.4,1.53,20.5,7.3,2.8,24.1
109645,664776,Jake Cousins,27,MIL,0.3,74,3.21,0.95,82,12,0,12,13.3,2,1,0,2.7,2.7,3.13,1.35,35.6,13.6,2.6,42.4
100324,608718,Brent Suter,32,MIL,0.3,110,4.78,0.69,108,54,0,54,66.7,5,3,0,3.78,4.32,4.35,1.2,19.5,8.1,2.4,27
143774,686613,Hunter Brown,23,HOU,0.3,90,3.9,0.75,86,7,2,5,20.3,2,0,0,0.89,0.89,2.04,1.08,27.5,8.8,3.1,22.9
105425,656546,Jeff Hoffman,29,CIN,0.3,106,4.59,0.92,113,35,1,34,44.7,2,0,0,3.83,4.43,4.24,1.41,22.8,11.7,2,25.6
103484,643493,Austin Pruitt,32,OAK,0.3,108,4.7,0.69,108,39,1,38,55.3,0,1,1,4.23,4.72,4.81,1.03,17,4,4.2,24.9
58661,543766,Bryan Shaw,34,CLE,0.3,109,4.73,0.84,107,60,2,58,58.3,6,2,1,5.4,5.86,4.82,1.44,19.9,10,2,21.8
100606,621366,Ryan Borucki,28,,0.3,96,4.16,0.74,100,32,0,32,25.3,2,0,0,5.68,5.68,6.02,1.38,18.9,9.9,1.9,26.4
103038,642528,Jonathan Loáisiga,27,NYY,0.3,107,4.63,0.81,101,50,0,50,48,2,3,2,4.13,4.69,3.52,1.29,18.2,9.4,1.9,25.5
108971,669160,Dustin May,24,LAD,0.3,99,4.32,0.86,100,6,6,0,30,2,3,0,4.5,5.1,4.43,1.17,22.8,11,2.1,29.7
107604,666721,Max Castillo,23,,0.3,104,4.52,0.73,104,14,6,8,39.3,0,2,0,5.95,6.41,5.12,1.35,21.8,8.8,2.5,24.1
58911,543507,Trevor May,32,NYM,0.3,96,4.16,0.91,103,26,0,26,25,2,0,1,5.04,5.04,3.82,1.44,27,8.1,3.3,30.6
104735,656257,Jeff Brigham,30,MIA,0.3,95,4.12,0.99,103,16,0,16,24,0,1,1,3.38,3.75,3.6,1.33,27.7,9.9,2.8,28.2
108606,663385,Chad Smith,27,COL,0.3,87,3.78,1.08,93,15,0,15,18,0,1,0,7.5,7.5,4.78,1.72,27.1,17.6,1.5,32.3
70620,608349,Corey Knebel,30,PHI,0.3,106,4.61,0.84,113,46,0,46,44.7,3,5,12,3.43,4.43,4.4,1.37,21.1,14.4,1.5,27.2
106320,661440,Mauricio Llovera,26,SF,0.3,85,3.68,0.96,91,17,1,16,16.3,0,0,0,4.41,4.41,3.67,1.35,27.8,11.1,2.5,30.3
107169,622065,Alex Young,28,,0.3,99,4.29,0.91,97,25,1,24,26.7,1,1,0,2.36,3.71,2.94,1.5,18.1,9.5,1.9,31.5
131748,669467,Andre Pallante,23,STL,0.3,114,4.95,0.71,98,47,10,37,108,6,5,0,3.17,3.25,3.93,1.42,16,8.8,1.8,17.8
100260,608328,Chase De Jong,28,PIT,0.3,111,4.84,0.8,121,42,0,42,71.7,6,3,1,2.64,3.01,4.8,1.14,20.1,10.2,2,25.2
104993,657240,Julian Merryweather,30,TOR,0.3,99,4.3,0.92,98,26,1,25,26.7,0,3,0,6.75,6.75,4.41,1.43,19.3,5.9,3.3,22.6
104930,657053,Touki Toussaint,26,LAA,0.3,98,4.26,0.95,100,8,2,6,25.3,1,1,0,4.62,4.62,4.87,1.34,24.1,17.6,1.4,29.7
107971,670059,Colin Holderman,26,,0.3,100,4.37,0.75,105,24,0,24,28.3,5,0,0,3.81,4.45,3.38,1.2,20.3,11.9,1.7,22.6
107264,605521,Art Warren,29,CIN,0.3,104,4.54,1.03,109,39,0,39,36,2,3,3,6.5,7.25,5.11,1.64,24.2,13.3,1.8,29.5
57701,446321,Ross Detwiler,36,CIN,0.3,99,4.31,0.99,101,30,0,30,26.3,0,2,1,4.44,4.44,4.88,1.56,23,8.2,2.8,22.8
67687,594311,Jandel Gustave,29,MIL,0.3,100,4.37,0.9,102,27,0,27,28,2,0,0,3.86,4.18,4.49,1.29,22.5,9.2,2.5,17.2
55769,518585,Fernando Cruz,32,CIN,0.3,84,3.64,0.93,92,14,2,12,14.7,0,1,0,1.23,1.84,3.24,1.23,32.8,14.1,2.3,37.2
110366,670090,Wyatt Mills,27,,0.3,102,4.42,0.79,103,27,0,27,29.3,0,1,0,4.6,4.6,3.68,1.33,20.3,10.2,2,28.3
102562,641501,Tyler Danish,27,BOS,0.3,106,4.63,0.77,106,32,0,32,40.3,3,1,0,5.13,5.36,4.92,1.29,18.5,6.9,2.7,19
108073,669424,Jimmy Lambert,27,CHW,0.3,108,4.72,0.94,114,42,2,40,47,1,2,0,3.26,3.45,3.96,1.36,22.1,11.8,1.9,25.8
70977,605200,Zach Davies,29,AZ,0.2,115,5.01,0.65,117,27,27,0,134.3,2,5,0,4.09,4.42,4.89,1.3,17.9,9.1,2,21.5
115326,666974,Yennier Cano,28,,0.2,92,4.01,0.93,98,13,0,13,18,1,1,0,11.5,11.5,5.83,2.33,21.6,16.5,1.3,22.8
104864,656803,James Norwood,28,PHI,0.2,91,3.97,1.16,100,20,0,20,17.3,1,0,0,8.31,8.83,3.58,1.9,25.9,10.6,2.4,29.4
103494,643511,Tyler Rogers,31,SF,0.2,113,4.89,0.61,105,68,0,68,75.7,3,4,0,3.57,4.04,3.5,1.27,15.4,7.2,2.1,19.3
57905,543238,Anthony Gose,31,CLE,0.2,96,4.19,1.06,106,22,0,22,21,3,0,0,4.71,5.57,5.12,1.38,30.4,15.2,2,33.5
106610,663978,Chris Paddack,26,MIN,0.2,98,4.26,0.87,94,5,5,0,22.3,1,2,0,4.03,4.03,1.78,1.21,21.5,2.2,10,25.7
110910,676641,Beau Sulser,28,,0.2,98,4.26,0.71,102,10,0,10,22.3,0,0,0,3.63,5.64,4.45,1.48,19.2,9.1,2.1,20.9
119844,663372,Ryan Feltner,25,COL,0.2,114,4.96,0.76,112,20,19,1,97.3,4,9,0,5.83,6.01,4.7,1.41,19.6,8.2,2.4,20.8
100288,608638,JT Chargois,31,TB,0.2,98,4.26,0.74,93,21,3,18,22.3,2,0,0,2.42,2.82,4.22,0.94,19.8,5.8,3.4,23.2
68712,592848,Zack Weiss,30,LAA,0.2,84,3.67,0.91,93,12,0,12,13.3,0,1,0,3.38,4.05,4.22,1.05,32.1,12.5,2.6,41.1
102443,640470,Adbert Alzolay,27,CHC,0.2,85,3.69,0.87,88,6,0,6,13.3,2,1,0,3.38,3.38,1.97,0.83,36.5,3.8,9.5,34.3
138737,668868,Zack Thompson,24,STL,0.2,106,4.6,0.75,105,22,1,21,34.7,1,1,1,2.08,2.34,3.95,0.98,19.9,10.3,1.9,17.6
109084,664161,Matt Swarmer,28,CHC,0.2,106,4.6,0.92,113,11,5,6,34,2,3,0,5.03,6.88,7.29,1.56,23.5,13.1,1.8,31.4
47415,456501,Johnny Cueto,36,CHW,0.2,116,5.05,0.62,110,25,24,1,158.3,8,10,0,3.35,3.75,3.85,1.23,15.7,5.1,3.1,17.6
107450,669618,Joe Barlow,26,TEX,0.2,106,4.62,0.93,112,35,0,35,35,3,1,13,3.86,4.63,4.88,1.14,19.2,8.9,2.2,27.1
105798,621016,Jose Cuas,28,KC,0.2,107,4.66,1.02,103,47,0,47,37.7,4,2,1,3.58,4.3,4.33,1.67,18.9,13.3,1.4,26.1
109030,670990,Yohan Ramirez,27,,0.2,107,4.66,0.79,107,30,0,30,37.3,4,1,1,4.58,4.58,4.83,1.39,19.2,12,1.6,23.8
104499,650911,Cristopher Sánchez,25,PHI,0.2,108,4.69,0.79,101,15,3,12,40,2,2,1,5.63,5.63,4.62,1.38,19.8,9.6,2.1,19.2
105806,664202,Tyler Cyr,29,,0.2,87,3.8,0.95,91,12,0,12,13.3,1,0,0,2.7,2.7,3.96,1.2,29.1,9.1,3.2,26.2
67028,592454,Tommy Kahnle,32,LAD,0.2,86,3.72,0.78,84,13,0,13,12.7,0,0,1,2.84,2.84,4.43,0.63,30.4,6.5,4.7,31.9
70550,607216,Joey Krehbiel,29,BAL,0.2,112,4.85,0.83,111,56,0,56,57.7,5,5,1,3.9,4.37,4.62,1.23,18.4,7.4,2.5,22.3
70762,596112,Robert Stephenson,29,,0.2,112,4.86,0.83,115,58,0,58,58,2,2,0,5.43,6.05,4.18,1.33,22.3,5.7,3.9,28
122242,675627,Michael Grove,25,LAD,0.2,105,4.55,1.01,107,7,6,1,29.3,1,0,0,4.6,6.44,5.21,1.43,18,7.5,2.4,22.4
102793,642231,Jimmy Yacabonis,30,,0.2,90,3.9,1.05,101,14,1,13,14,1,1,0,8.36,9.64,6.34,2.14,28.8,13.7,2.1,28.3
59304,502624,Chase Anderson,34,CIN,0.2,102,4.44,0.94,102,9,7,2,24,2,4,0,6.37,6.75,5.02,1.33,22.3,14.6,1.5,22.8
111203,669084,DL Hall,23,BAL,0.2,89,3.88,1.07,89,11,1,10,13.7,1,1,1,5.93,5.93,1.7,1.68,29.7,9.4,3.2,29.3
57403,488984,Tommy Hunter,35,NYM,0.2,101,4.39,0.88,103,18,0,18,22.3,0,1,0,2.42,3.22,4.33,1.21,23.4,6.4,3.7,24.1
109420,676886,Jeremy Beasley,26,TOR,0.2,92,4.01,1,100,9,0,9,15,0,0,0,4.8,5.4,5.5,1.27,29.7,7.8,3.8,29.2
70431,605151,Archie Bradley,29,LAA,0.2,97,4.24,0.98,95,21,0,21,18.7,0,1,2,4.82,6.27,3.38,1.29,19.2,9,2.1,20.3
102101,617228,Hirokazu Sawamura,34,BOS,0.2,111,4.83,0.85,110,49,0,49,50.7,1,1,0,3.73,4.09,4.1,1.42,18.1,12.2,1.5,25.3
108934,608344,Cole Irvin,28,OAK,0.2,117,5.07,0.63,113,30,30,0,181,9,13,0,3.98,4.33,4.26,1.16,17.3,4.9,3.6,20.5
109051,668941,JoJo Romero,25,,0.2,95,4.12,0.81,93,17,0,17,16.3,0,0,0,4.96,4.96,5.2,1.41,25.4,14.9,1.7,35.8
107018,663423,Trent Thornton,28,TOR,0.2,110,4.8,0.8,114,32,0,32,46,0,2,0,4.11,4.11,4.6,1.24,19.6,9,2.2,20.6
70885,592716,Adrian Sampson,30,CHC,0.2,115,5.01,0.71,112,21,19,2,104.3,4,5,0,3.11,3.45,3.74,1.23,17.1,6.3,2.7,21.1
70416,600921,Andres Machado,29,WAS,0.2,112,4.89,0.74,113,51,0,51,59.3,2,0,0,3.34,4.85,4.57,1.37,17.6,10,1.8,24
103055,642546,Jonathan Hernández,25,TEX,0.2,106,4.63,0.92,102,29,0,29,30.3,2,3,4,2.97,4.15,4.03,1.42,20.6,13,1.6,30.8
109125,670970,Adrian Morejon,23,SD,0.2,108,4.69,0.86,110,26,0,26,34,5,1,0,4.24,4.76,3.93,1.18,19.9,6.4,3.1,24.1
70758,598264,Matt Barnes,32,BOS,0.2,109,4.76,0.95,110,44,0,44,39.7,0,4,8,4.31,4.99,3.92,1.44,19.3,11.9,1.6,28.4
59541,552640,Andrew Kittredge,32,TB,0.2,101,4.38,0.86,104,17,0,17,20,3,1,5,3.15,3.15,4.56,0.85,18.7,2.7,7,25.2
99833,572125,Sam Selman,31,OAK,0.2,99,4.3,1,104,16,0,16,18.3,0,0,0,4.91,4.91,4.91,1.15,24,6.7,3.6,23
130608,677053,Andrew Nardi,23,MIA,0.2,94,4.1,1.45,101,13,0,13,14.7,1,1,0,9.82,10.43,7.08,2.66,28.9,16.9,1.7,29.7
108727,664944,Cam Vieaux,28,PIT,0.2,77,3.36,1.44,87,8,0,8,8.7,0,0,0,10.38,11.42,4.67,2.31,31.3,10.4,3,24.7
67107,592717,Aaron Sanchez,29,,0.2,113,4.91,0.64,101,15,10,5,60,3,4,0,6.6,6.9,4.42,1.55,15.5,5.7,2.7,18.2
109808,676534,Calvin Faucher,26,TB,0.2,102,4.45,1.1,103,22,0,22,21.3,2,3,1,5.48,6.75,5.07,1.69,20.8,9.9,2.1,24.2
70438,605195,Kyle Crick,29,CHW,0.2,97,4.21,1.11,101,14,0,14,15.7,2,0,0,4.02,4.02,3.12,1.34,28.8,16.7,1.7,26.5
70342,547001,Cody Poteet,27,MIA,0.2,107,4.63,0.88,105,12,2,10,28,0,1,0,3.86,3.86,4.7,1.21,18.4,9.6,1.9,29.9
70359,571882,Derek Law,31,,0.2,101,4.41,0.93,102,17,0,17,19.7,2,3,0,4.12,5.95,4.95,1.58,18.5,8.7,2.1,24.4
59872,542585,José Cisnero,33,DET,0.2,105,4.58,1.05,111,28,0,28,25,1,0,0,1.08,1.44,3.73,1.36,21.9,18.1,1.2,28.9
131491,682847,Luis Ortiz,23,PIT,0.2,98,4.26,1.06,101,4,4,0,16,0,2,0,4.5,5.06,3.62,1.13,24.6,14.5,1.7,29.8
108872,667498,Robert Dugger,26,,0.2,98,4.26,0.91,106,4,1,3,16,0,1,0,6.19,6.19,4.43,1.63,26.4,9.7,2.7,28.6
102751,642100,Gabe Speier,27,KC,0.2,102,4.43,0.87,101,17,1,16,19.3,0,1,0,2.33,2.33,3.84,1.09,18.2,6.5,2.8,20.3
53014,547973,Aroldis Chapman,34,NYY,0.2,110,4.78,1.08,114,43,0,43,36.3,4,4,9,4.46,4.46,4.63,1.43,26.9,17.5,1.5,33.8
106984,663378,Thomas Szapucki,26,,0.2,97,4.24,1.01,104,11,1,10,15,0,1,0,7.2,7.2,7.37,1.73,26.9,10.4,2.6,23.8
108296,668665,Stephen Nogosek,27,NYM,0.2,104,4.54,0.96,109,12,0,12,22,1,1,0,2.45,4.09,4.6,1.23,22.1,7.4,3,22.1
109267,666168,Mason Thompson,24,WAS,0.2,106,4.62,0.93,106,24,0,24,24.7,1,1,1,2.92,2.92,4.22,1.14,14.9,8.9,1.7,23.2
60317,573668,Juan Minaya,31,MIN,0.2,87,3.79,1.11,93,6,0,6,9.7,1,0,0,5.59,5.59,3.37,1.34,24.4,11.1,2.2,30
60626,571946,Shelby Miller,31,SF,0.2,75,3.27,1.05,83,4,0,4,7,0,1,0,6.43,6.43,0.45,1.29,46.7,10,4.7,22
144465,686752,Ryan Pepiot,24,LAD,0.2,110,4.8,1.02,118,9,7,2,36.3,3,0,0,3.47,3.72,5.37,1.46,26.3,16.9,1.6,28.4
70803,543101,Anthony DeSclafani,32,SF,0.2,103,4.5,1.26,98,5,5,0,19,0,2,0,6.63,9.95,4.79,2,18.1,4.3,4.3,22.9
106243,665001,Trevor Kelley,29,MIL,0.2,106,4.63,1.2,111,18,0,18,23.7,1,0,0,6.08,6.46,6.46,1.44,21.5,8.4,2.6,23
50878,501625,Jose Alvarez,33,SF,0.2,100,4.34,1.27,101,21,0,21,15.3,2,1,1,5.28,5.87,5.8,1.7,19.7,11.8,1.7,23.3
106954,664054,Cody Stashak,28,MIN,0.2,101,4.39,1.14,105,11,0,11,16.3,3,0,0,3.86,3.86,2.02,0.98,23.1,0,,28
101190,622786,Jesus Tinoco,27,TEX,0.2,105,4.55,0.88,109,17,2,15,20.7,0,0,0,2.18,2.18,4.17,1.06,21.4,11.9,1.8,24.8
110763,676637,Phoenix Sanders,27,TB,0.1,99,4.31,0.92,101,8,0,8,14.7,0,0,0,3.07,3.07,2.04,1.02,21.1,5.3,4,17.4
125864,663804,Jackson Kowar,25,KC,0.1,100,4.37,1.34,99,7,0,7,15.7,0,0,0,9.77,9.77,6.42,2.43,20.7,13.4,1.5,26.1
108828,669622,Anthony Bender,27,MIA,0.1,104,4.52,0.94,103,22,0,22,19.3,1,3,6,3.26,3.26,4.71,1.29,21.8,10.3,2.1,28.7
101582,624133,Ranger Suárez,26,PHI,0.1,117,5.09,0.63,104,29,29,0,155.3,10,7,0,3.65,4.29,3.92,1.33,19.5,8.8,2.2,21.4
130740,669194,Ryne Nelson,24,AZ,0.1,104,4.5,0.98,112,3,3,0,18.3,1,1,0,1.47,1.96,3.82,0.82,23.2,8.7,2.7,23.6
110107,676083,Janson Junk,26,LAA,0.1,86,3.74,1.02,84,3,2,1,8.3,1,1,0,6.48,6.48,3.17,1.56,29.7,8.1,3.7,17.8
108959,669674,Sam Long,26,SF,0.1,112,4.89,0.83,112,28,6,22,42.3,1,3,1,3.61,4.89,5.13,1.25,18.2,7.7,2.4,25.4
108756,666214,Joey Wentz,24,DET,0.1,111,4.81,0.99,108,7,7,0,32.7,2,2,0,3.03,3.58,3.6,1.1,20,9.6,2.1,21.4
58507,543606,Jake Odorizzi,32,,0.1,116,5.06,0.7,118,22,22,0,106.3,6,6,0,4.4,4.91,4.33,1.33,19,7.7,2.5,22.2
68565,643338,Chad Green,31,NYY,0.1,101,4.41,1.13,105,14,0,14,15,1,1,1,3,3.6,2.9,1.2,25.8,8.1,3.2,26.8
109459,656232,Brandon Bielak,26,HOU,0.1,98,4.25,0.97,99,5,0,5,12.3,0,0,0,3.65,3.65,4.92,1.22,22.2,7.4,3,19.8
136890,681217,Chase Silseth,22,LAA,0.1,110,4.78,1.03,108,7,7,0,28.7,1,3,0,6.59,6.59,6.03,1.57,18.6,9.3,2,26.1
124458,656578,Andre Jackson,26,LAD,0.1,93,4.04,0.97,94,4,0,4,9.7,0,0,1,1.86,2.79,2.44,1.34,21.4,9.5,2.3,26.2
105329,658551,Junior Fernández,25,,0.1,106,4.59,0.9,101,16,0,16,18.7,0,0,0,2.41,2.89,5.85,1.61,16.7,14.3,1.2,26.4
106864,663574,Tony Santillan,25,CIN,0.1,106,4.62,1.34,112,21,0,21,19.7,0,1,4,5.49,6.41,4.02,1.78,21.9,12.5,1.8,28.2
109416,657508,Mike Baumann,26,BAL,0.1,112,4.85,0.87,104,13,4,9,34.3,1,3,0,4.72,4.98,3.82,1.51,15.4,6,2.6,16.2
130197,663752,Cody Morris,25,CLE,0.1,109,4.73,1.05,110,7,5,2,23.7,1,2,0,2.28,3.04,4.28,1.39,23,12,1.9,28.7
102011,571510,Matthew Boyd,31,SEA,0.1,102,4.42,1,103,10,0,10,13.3,2,0,0,1.35,1.35,3.13,0.98,24.5,15.1,1.6,30
70795,607192,Tyler Glasnow,28,TB,0.1,84,3.67,0.98,88,2,2,0,6.7,0,0,0,1.35,1.35,2.91,0.9,38.5,7.7,5,32.1
111112,669022,MacKenzie Gore,23,SD,0.1,116,5.03,0.97,111,16,13,3,70,4,4,0,4.5,4.5,4.17,1.47,23.3,12,1.9,24.2
71010,605194,Jharel Cotton,30,,0.1,114,4.94,0.97,120,30,0,30,43,4,2,0,3.56,4.19,5.01,1.26,21.5,11,1.9,25.5
110119,677161,Zack Kelly,27,BOS,0.1,102,4.44,1.15,103,13,0,13,13.7,1,0,0,3.95,3.95,4.34,1.32,18.6,6.8,2.8,17.6
65851,518397,Scott Alexander,32,SF,0.1,106,4.6,0.75,92,17,4,13,17.3,0,0,2,1.04,1.04,2.94,0.75,15.9,1.6,10,25.5
70486,605463,Tayler Scott,30,SD,0.1,100,4.34,1.25,98,8,0,8,12,0,1,0,6.75,7.5,3.58,2.08,22,10.2,2.2,30.1
109255,650204,Norge Ruiz,28,OAK,0.1,107,4.65,1.36,105,14,0,14,19,0,1,0,7.11,7.58,5.32,1.95,19.1,7.4,2.6,21.3
70514,606965,Chris Devenski,31,,0.1,103,4.5,0.94,103,13,0,13,14.7,2,1,0,8.59,8.59,4.49,1.5,17.9,1.5,12,26.6
127864,663436,Davis Martin,25,CHW,0.1,115,5.02,0.76,115,14,9,5,63.3,3,6,0,4.83,5.12,4.23,1.29,17.8,7.1,2.5,23.6
105321,658431,Adonis Medina,25,NYM,0.1,109,4.76,1.07,102,14,0,14,23.7,1,0,1,6.08,6.85,4.1,1.52,15.5,5.5,2.8,19.4
145443,689225,Beau Brieske,24,DET,0.1,116,5.05,0.73,121,15,15,0,81.7,3,6,0,4.19,4.3,5.03,1.2,15.9,7.4,2.2,17.7
50538,503449,Wily Peralta,33,DET,0.1,113,4.92,1.01,110,28,1,27,38.3,2,0,0,2.58,2.82,4.02,1.51,19,14.3,1.3,21.4
103372,643316,Paul Fry,29,,0.1,102,4.44,0.94,99,13,0,13,13,0,0,0,6.23,6.92,4.55,1.54,23,14.8,1.6,27.6
71171,596082,Jake Reed,29,,0.1,106,4.61,0.83,107,18,0,18,16.7,2,0,1,7.02,8.1,5.04,1.5,16.9,10.4,1.6,21.4
108416,664092,Sean Poppen,28,AZ,0.1,111,4.84,0.91,113,29,0,29,28.7,2,2,0,4.4,4.71,5.26,1.36,18.3,10,1.8,16
108753,669711,Greg Weissert,27,NYY,0.1,100,4.35,1.06,104,12,0,12,11.3,3,0,0,5.56,5.56,4.23,0.97,22.9,10.4,2.2,19.7
144657,686973,Louie Varland,24,MIN,0.1,111,4.82,1.02,109,5,5,0,26,1,2,0,3.81,3.81,4.36,1.23,19.8,5.7,3.5,19.9
100511,621079,Collin Wiles,28,OAK,0.1,97,4.23,1.08,95,4,0,4,9.7,0,0,0,4.66,5.59,3.58,1.34,22,4.9,4.5,29.3
105016,657424,Matt Gage,29,TOR,0.1,103,4.47,1.08,102,11,0,11,13,0,1,0,1.38,2.77,3.83,0.92,24,12,2,29.8
110423,656786,Parker Mushinski,26,HOU,0.1,91,3.95,0.98,93,7,0,7,7.3,0,0,0,3.68,3.68,2.62,1.09,26.7,10,2.7,38.2
109556,656290,Drew Carlton,26,DET,0.1,95,4.15,0.92,97,5,0,5,8.7,0,0,0,2.08,4.15,3.05,0.46,21.9,0,,19.7
109149,641726,Daulton Jefferies,26,OAK,0.1,114,4.95,0.9,107,8,8,0,39.3,1,7,0,5.72,5.95,3.83,1.37,16.3,4.7,3.5,22.7
69614,606131,Luis Perdomo,29,MIL,0.1,110,4.8,0.79,102,14,0,14,23.7,3,0,0,3.8,3.8,4.86,1.14,12.5,3.1,4,23.4
100687,621593,Anthony Castro,27,CLE,0.1,104,4.54,1.3,103,12,0,12,13.3,0,0,0,7.42,10.12,8.49,2.18,18.5,15.4,1.2,28.4
109094,670955,Edwin Uceta,24,AZ,0.1,108,4.68,0.97,109,10,0,10,17,0,0,0,5.82,6.35,4.47,1.24,17.8,9.6,1.9,24.8
105384,596043,Daniel Mengden,29,KC,0.1,92,3.98,1.14,94,5,1,4,7,0,1,1,5.14,6.43,3.17,1.57,25,3.1,8,21.7
135874,663485,Cole Sands,24,MIN,0.1,113,4.9,1.04,110,11,3,8,30.7,0,3,1,5.87,6.16,4.8,1.57,19.3,9,2.2,22.7
71177,607457,Kyle Barraclough,32,LAA,0.1,98,4.27,1.14,103,8,0,8,9,0,1,0,3,3,2.39,1.22,24.3,10.8,2.3,37.7
106851,665665,Reiver Sanmartin,26,CIN,0.1,116,5.03,0.8,105,45,4,41,57,4,4,0,6.32,6.79,4.87,1.67,18.4,11.3,1.6,25.8
103998,644429,Anderson Severino,27,CHW,0.1,94,4.1,1.31,95,6,0,6,7.3,0,0,0,6.14,6.14,3.06,1.5,26.5,11.8,2.3,31.5
58075,542947,Richard Bleier,35,MIA,0.1,115,5.02,0.9,100,55,1,54,50.7,2,2,1,3.55,3.91,3.22,1.44,14.4,4.5,3.2,18.5
123266,678692,Ronny Henriquez,22,MIN,0.1,104,4.51,1.08,103,3,0,3,11.7,0,1,0,2.31,3.09,4.03,0.94,18,6,3,23.5
110517,676840,Matt Peacock,28,,0.1,102,4.42,0.95,101,9,0,9,10,0,0,0,5.4,5.4,4.47,1.6,13,8.7,1.5,22.1
104863,656794,Sean Newcomb,29,,0.1,113,4.9,1.07,113,20,1,19,27.7,2,1,0,8.78,9.11,6.96,1.88,20.9,14.2,1.5,20.9
110477,672391,Kaleb Ort,30,BOS,0.1,113,4.91,1.09,112,25,0,25,28.3,1,2,1,6.35,7.31,4.9,1.76,20.1,11.2,1.8,28.6
70497,605538,Matt Wisler,29,TB,0.1,115,5,0.84,123,39,5,34,44,3,3,1,2.25,3.68,4.19,1,19.9,8,2.5,24.5
102675,641871,Keynan Middleton,28,AZ,0.1,109,4.74,1.11,111,18,0,18,17,1,2,0,5.29,6.88,5.82,1.12,21.7,4.3,5,36.6
107155,664849,Danny Young,28,,0.1,92,4.02,1.02,98,3,0,3,6.3,0,0,0,4.26,4.26,4.16,2.05,18.8,6.3,3,24.1
103318,643230,Steven Brault,30,CHC,0.1,101,4.38,1.17,103,9,0,9,9,0,0,0,3,4,3.39,1.44,20.5,12.8,1.6,29.7
100243,605525,J.B. Wendelken,29,AZ,0.1,113,4.93,0.95,112,29,0,29,29,2,1,0,5.28,5.59,5.06,1.34,17.2,11.5,1.5,22.2
119526,669093,Jeremiah Estrada,23,CHC,0.1,91,3.94,1.26,96,5,0,5,5.7,0,0,0,3.18,3.18,4.12,1.59,32,12,2.7,31.8
105559,660825,Eduard Bazardo,26,BOS,0.1,109,4.74,1.07,112,12,0,12,16.3,1,0,0,2.76,2.76,6.11,0.98,16.9,6.2,2.8,27
102336,630023,Yonny Chirinos,28,TB,0.1,96,4.18,1.12,88,2,1,1,7,1,0,0,0,0,2.31,1.14,20,3.3,6,20.4
68563,592346,Chi Chi González,30,,0.1,112,4.87,0.76,111,7,5,2,23,0,1,0,5.87,5.87,5.49,1.52,15.2,7.1,2.1,14.5
57938,543272,Brad Hand,32,PHI,0.1,115,5.02,0.97,113,55,0,55,45,3,2,5,2.8,3.6,3.88,1.33,19.2,11.6,1.7,18.6
108822,666120,Ian Anderson,24,ATL,0.1,117,5.11,0.78,110,22,22,0,111.7,10,6,0,5,5.08,4.31,1.51,19.7,11,1.8,28.4
105123,657612,Tim Hill,32,SD,0.1,116,5.03,0.76,106,55,0,55,48,3,0,0,3.56,3.75,3.41,1.23,12.6,7,1.8,15.6
103422,643400,Dusten Knight,31,TB,0.1,105,4.58,1.19,106,6,0,6,11,0,1,0,5.73,6.55,7.24,1.36,18.4,8.2,2.3,22.6
107251,664584,Jhon Romero,27,MIN,0.1,90,3.9,1.31,88,4,0,4,5,0,0,0,3.6,3.6,1.26,2,25,4.2,6,28.3
107609,665645,Kervin Castro,23,,0.1,107,4.66,1.07,109,10,0,10,12.3,0,1,0,10.22,10.22,6.14,1.78,19.3,12.3,1.6,23.6
107936,641682,Ryan Hendrix,27,CIN,0.1,101,4.41,1.39,104,9,0,9,8.3,0,0,0,5.4,5.4,3.78,1.8,23.7,15.8,1.5,39.3
103840,621348,Sam Clay,29,,0.1,92,3.99,1.25,94,7,0,7,5.3,0,0,0,8.44,10.13,8.12,1.5,17.2,13.8,1.3,21.9
110864,676660,Jared Solomon,25,CIN,0.1,102,4.45,1.26,108,9,0,9,8.3,0,0,0,10.8,10.8,7.74,1.56,23.1,12.8,1.8,30
104507,650959,Marcos Diplán,25,BAL,0.1,95,4.12,1.3,99,5,0,5,5.7,0,0,0,1.59,3.18,2.99,1.59,29.6,18.5,1.6,20.8
104779,656427,Jack Flaherty,26,STL,0.1,115,5,1.04,112,9,8,1,36,2,1,0,4.25,4.5,5.03,1.61,19.8,13.2,1.5,25.8
105642,621114,Ryan Burr,28,CHW,0.1,104,4.51,1.14,105,8,0,8,9,1,1,0,6,7,7.28,1.33,17.9,10.3,1.8,20
59179,458677,Justin Wilson,34,CIN,0.1,82,3.56,0.88,82,5,0,5,3.7,0,1,0,2.45,2.45,-0.76,0.82,53.8,0,,44
108888,650530,Bryan Garcia,27,DET,0.1,112,4.88,1.07,112,4,4,0,20.3,2,0,0,3.54,3.54,5.33,1.18,20.2,11.9,1.7,24.8
53253,448281,Sean Doolittle,35,WAS,0.1,94,4.09,0.85,97,6,0,6,5.3,0,0,0,0,0,0.92,0.19,35.3,0,,35.5
99842,572703,Luke Bard,31,,0.1,110,4.79,0.88,112,9,0,9,15,1,1,0,1.8,1.8,3.9,0.93,13.6,11.9,1.1,24.3
67588,593958,Eduardo Rodriguez,29,DET,0.1,117,5.11,0.82,109,17,17,0,91,5,5,0,4.05,4.85,4.38,1.33,18.4,8.7,2.1,18
67137,592804,Tyler Thornburg,33,,0.1,112,4.87,0.93,115,14,0,14,19,0,1,0,3.32,4.74,4.16,1.42,16.1,12.6,1.3,20.8
100151,545343,Louis Head,32,,0.1,114,4.97,1.07,115,28,0,28,28.7,0,0,1,6.28,6.28,5.15,1.64,18.8,10.9,1.7,23.4
102075,608652,Luke Farrell,31,,0.1,110,4.8,0.95,113,6,2,4,15,0,0,0,5.4,6,5.3,1.67,20,10,2,17.3
105921,659262,Anderson Espinoza,24,CHC,0.1,112,4.87,1.34,113,7,0,7,18.3,0,2,0,5.4,5.4,7.09,1.64,22.4,18.8,1.2,25.4
107802,670288,Jake Fishman,27,MIA,0.1,107,4.67,1.17,101,7,0,7,11,0,0,0,4.09,4.09,2.9,1.18,12.5,0,,12.9
108862,669804,Angel De Jesus,25,DET,0.1,109,4.74,1.18,112,8,0,8,12.7,0,0,0,2.13,2.13,5.54,1.03,13,7.4,1.8,19.8
108197,641853,David McKay,27,,0.1,100,4.37,0.88,103,4,0,4,6.7,0,0,0,6.75,6.75,5.91,1.8,9.4,12.5,0.8,13.8
68804,595014,Blake Treinen,34,LAD,0.1,94,4.1,0.9,95,5,0,5,5,1,1,0,1.8,1.8,3.97,0.4,35.3,5.9,6,26.5
108361,665625,Elvis Peguero,25,LAA,0.1,112,4.87,1.19,105,13,0,13,17.3,0,0,0,6.75,8.31,5.65,1.62,15.6,6.5,2.4,23.9
105525,658648,Pedro Avila,25,SD,0.1,89,3.89,1.23,96,2,0,2,4,0,0,0,4.5,6.75,5.42,1,27.8,5.6,5,32.4
129835,656755,Bryce Montes de Oca,26,NYM,0.1,84,3.64,1.65,90,3,0,3,3.3,0,0,0,10.8,10.8,1.37,2.7,31.6,10.5,3,24.4
106543,664942,James Naile,29,STL,0.1,106,4.61,0.99,105,7,0,7,9,0,0,0,5,5,5.61,1.11,13.5,5.4,2.5,19.7
101991,621389,Ty Blach,31,COL,0.1,116,5.05,0.88,110,24,1,23,44.3,1,0,1,5.89,5.89,3.8,1.4,15,5.7,2.6,20
71239,607755,Andrew Vasquez,28,,0.1,106,4.59,1.07,104,10,0,10,8.7,0,0,0,6.23,6.23,4.78,1.15,25.6,10.3,2.5,29.4
65808,502179,Paolo Espino,35,WAS,0.1,118,5.13,0.73,112,42,19,23,113.3,0,9,0,4.84,5.08,4.88,1.37,18.9,4.9,3.8,21.4
111059,676831,Kodi Whitley,27,STL,0.1,110,4.79,1.38,110,14,0,14,12.7,2,0,0,5.68,5.68,5.82,1.58,20.3,15.3,1.3,26.2
110485,657248,Glenn Otto,26,TEX,0.1,118,5.13,0.66,120,27,27,0,135.7,7,10,0,4.64,4.91,5.26,1.33,18.2,10.6,1.7,23.2
70354,571704,Ken Giles,31,SEA,0.1,94,4.08,1.13,99,5,0,5,4.3,0,0,0,0,0,3.06,1.15,33.3,22.2,1.5,36.7
107151,660623,Huascar Ynoa,24,ATL,0.1,103,4.46,1.63,106,2,2,0,6.7,0,2,0,13.5,13.5,7.37,2.55,21.6,16.2,1.3,21.9
115906,676917,Cade Cavalli,23,WAS,0.1,94,4.09,1.37,96,1,1,0,4.3,0,1,0,14.54,14.54,3.86,1.85,26.1,8.7,3,28.9
110582,668676,Zach Plesac,27,CLE,0.1,118,5.13,0.72,114,25,24,1,131.7,3,12,0,4.31,5.06,4.5,1.32,17.6,6.7,2.6,22.1
102796,642239,Rob Zastryzny,30,,0.1,92,4.01,0.83,102,6,0,6,4,0,0,0,6.75,9,2.31,1,18.8,6.3,3,23.1
66940,592169,Austin Brice,30,PIT,0.1,103,4.48,1.08,103,4,0,4,6.7,0,0,0,4.05,4.05,2.91,1.05,18.5,11.1,1.7,18.6
57708,518813,Greg Holland,36,TEX,0.1,96,4.19,1.3,98,5,0,5,4.7,0,1,0,7.71,9.64,10.03,1.5,25,5,5,29
101608,624418,Ryan Castellani,26,OAK,0.1,81,3.51,0.99,102,3,0,3,2.7,0,0,0,0,3.37,2.42,0.75,9.1,0,,12
114635,677865,Justin Bruihl,25,LAD,0.1,115,4.98,1.03,115,24,0,24,23.7,1,1,1,3.8,4.18,5.3,1.18,13,6,2.2,24.4
109395,673316,Luke Barker,30,MIL,0.1,94,4.08,1.28,99,3,0,3,4,0,0,0,11.25,11.25,8.17,1.75,15.8,0,,25.8
102532,641394,Jake Brentz,27,KC,0.1,100,4.36,2.42,105,8,0,8,5.3,0,3,0,23.63,25.31,8.31,3.94,23.7,26.3,0.9,32
103156,642659,Raynel Espinal,30,CIN,0.1,98,4.25,1.32,100,2,0,2,4.7,0,1,0,7.71,7.71,4.45,1.5,23.8,4.8,5,35
100854,622379,Luis Castillo,27,DET,0.1,92,4.02,1,91,3,0,3,3.7,0,0,0,0,0,0.88,0.55,28.6,0,,22.6
66267,570488,Phillips Valdez,30,BOS,0,113,4.91,1.03,110,13,0,13,16.3,0,1,0,4.41,6.06,3.96,1.16,18.1,9.7,1.9,23.2
108152,665896,Jose Marte,26,LAA,0,111,4.81,1.84,116,11,0,11,11,0,0,0,7.36,7.36,7.6,2.36,25.9,31,0.8,27.1
108755,649144,Alex Wells,25,BAL,0,94,4.1,1.31,92,2,0,2,3.7,0,0,0,4.91,4.91,6.99,1.36,37.5,0,,26.3
57557,519326,Hunter Strickland,33,CIN,0,117,5.11,1.04,118,66,0,66,62.3,3,3,7,4.91,5.34,4.73,1.51,21.1,11.6,1.8,27.8
123905,668970,Gavin Hollowell,24,COL,0,106,4.61,1.45,108,6,0,6,7,0,2,0,7.71,9,4.34,1.57,25,12.5,2,28.6
126414,681885,Evan Lee,25,WAS,0,109,4.72,1.42,110,4,1,3,8.7,0,1,0,4.15,5.19,5.82,1.85,16.3,16.3,1,19.4
110176,621082,Jacob Lemoine,28,OAK,0,113,4.93,1.22,113,9,0,9,16.3,0,0,0,7.71,8.27,6.05,1.53,17.6,9.5,1.9,22.1
104750,656322,Sam Coonrod,29,PHI,0,112,4.87,1.22,112,12,0,12,12.7,0,0,0,7.82,8.53,4.56,1.5,20.7,12.1,1.7,20.2
111034,673904,Jake Walsh,26,STL,0,87,3.79,1.64,97,3,0,3,2.7,0,1,0,13.5,13.5,2.79,1.88,33.3,13.3,2.5,21.4
69172,543294,Kyle Hendricks,32,CHC,0,118,5.13,0.76,117,16,16,0,84.3,4,6,0,4.8,4.8,4.88,1.29,18.5,6.7,2.8,24
106040,661563,Luis Gil,24,NYY,0,99,4.29,1.45,99,1,1,0,4,0,0,0,9,9,2.17,1.75,26.3,10.5,2.5,37
134502,681799,Ethan Roberts,24,CHC,0,108,4.71,1.77,108,9,0,9,7.7,0,1,0,8.22,8.22,8.54,2.09,23.7,15.8,1.5,18.4
129333,676974,Max Meyer,23,MIA,0,106,4.6,1.32,105,2,2,0,6,0,1,0,7.5,7.5,6.39,1.5,23.1,7.7,3,25
117180,681867,Cooper Criswell,25,TB,0,95,4.15,1.18,89,1,1,0,3.3,0,0,0,2.7,2.7,1.67,0.9,30.8,7.7,4,30
139251,667725,Kyle Tyler,25,SD,0,99,4.33,0.98,104,2,0,2,4,1,0,0,0,0,2.81,0.75,14.3,7.1,2,22.2
66336,570663,Hansel Robles,31,BOS,0,116,5.03,1.09,114,26,0,26,24.7,1,3,2,5.84,6.93,5.69,1.58,18.9,12.6,1.5,24.7
60047,543901,Ryan Weber,31,NYY,0,112,4.86,0.85,105,5,0,5,10.7,0,0,1,0.84,0.84,4,0.66,8.1,2.7,3,12.3
67169,593140,Michael Feliz,29,BOS,0,96,4.18,1.2,99,1,0,1,3.3,0,0,0,2.7,5.4,6.36,0.9,30.8,15.4,2,29.2
107502,669854,Ronel Blanco,28,HOU,0,107,4.66,1.63,110,7,0,7,6.3,0,0,0,7.11,7.11,5.38,1.89,21.9,12.5,1.8,34.3
70768,547184,Michael Kelly,29,PHI,0,100,4.37,1.1,104,4,0,4,4,0,0,0,2.25,2.25,5.92,1,25,6.3,4,26.7
105434,661255,Yoan López,29,NYM,0,112,4.88,1.34,109,8,0,8,11,1,0,0,5.73,6.55,5.24,1.73,19.6,9.8,2,28.4
111104,672911,Jesus Cruz,27,ATL,0,111,4.82,1.26,111,7,0,7,8.7,0,0,0,6.23,6.23,8.01,1.38,15.4,10.3,1.5,25.6
101170,622766,Miguel Diaz,27,DET,0,100,4.34,1.23,105,3,0,3,3.7,0,0,0,2.45,2.45,3.06,0.82,21.4,14.3,1.5,40
59239,489446,Kirby Yates,35,ATL,0,109,4.74,1.29,113,9,0,9,7,0,0,0,5.14,5.14,7.2,1.57,18.2,15.2,1.2,29.8
99616,543056,Danny Coulombe,32,MIN,0,113,4.94,1.21,115,10,0,10,12.3,0,0,0,1.46,2.19,3.9,1.3,17,17,1,30.4
144659,686972,Cole Waites,24,SF,0,107,4.67,1.31,107,7,0,7,5.7,0,0,0,3.18,3.18,6.06,1.76,16,16,1,17.3
70348,571446,Mark Appel,30,PHI,0,113,4.9,0.98,108,6,0,6,10.3,0,0,0,1.74,1.74,3.07,1.16,12.5,7.5,1.7,21.1
107277,664871,Kyle Dowdy,29,CIN,0,109,4.73,1.18,110,2,0,2,6.3,0,0,0,0,0,4.01,1.26,11.1,11.1,1,9.5
110099,676103,Damon Jones,27,PHI,0,105,4.57,1.93,106,4,0,4,4.7,0,0,0,9.64,9.64,6.17,1.93,19.2,19.2,1,34.1
123933,663947,Tyler Holton,26,AZ,0,112,4.86,1.17,111,10,0,10,9,0,0,0,3,3,4.17,1.11,15.4,5.1,3,29.6
106550,663734,Nick Neidert,25,MIA,0,106,4.61,1.25,107,1,1,0,5,0,1,0,3.6,3.6,4.57,1,15,0,,15
108544,667376,Miguel Sánchez,28,MIL,0,114,4.96,1.23,109,12,0,12,13.3,1,1,0,4.05,4.72,6.43,1.5,15.5,13.8,1.1,24.5
68855,595191,Jerad Eickhoff,31,PIT,0,105,4.55,1.84,106,1,1,0,4.3,0,1,0,20.77,20.77,10.09,2.54,14.8,3.7,4,23.8
121406,670810,Logan Gillaspie,25,BAL,0,115,5.02,1.16,112,17,0,17,17.3,1,0,0,3.12,4.15,3.63,1.33,13.5,4.1,3.3,18.7
104602,656008,Aneurys Zabala,25,MIA,0,96,4.2,1.04,106,2,0,2,2.7,0,0,0,0,0,2.68,1.5,18.2,9.1,2,26.3
105424,656814,Luis Ortiz,26,SF,0,112,4.87,0.94,112,6,0,6,8.7,0,0,0,1.04,1.04,2.71,0.92,18.2,9.1,2,27.1
137496,656986,Bennett Sousa,27,CHW,0,116,5.04,1.16,112,25,0,25,20.3,3,0,1,8.41,8.85,5.42,1.72,12.5,10.4,1.2,26
45514,461325,Tyler Clippard,37,WAS,0,107,4.67,1.86,108,4,0,4,5,0,0,0,7.2,7.2,8.37,2,14.3,14.3,1,18.8
103154,642657,Cristofer Ogando,28,TB,0,106,4.59,1.04,103,3,0,3,4.3,0,0,0,4.15,4.15,3.63,1.15,11.8,5.9,2,15.2
110688,655889,Manuel Rodríguez,25,CHC,0,115,4.99,1.1,110,14,0,14,13.7,2,0,4,3.29,3.95,4.81,1.39,14,15.8,0.9,22.4
102190,623437,Justin Topa,31,MIL,0,111,4.85,1.23,99,7,0,7,7.3,0,0,0,4.91,7.36,3.6,1.77,11.4,11.4,1,13.7
105477,663531,Logan Allen,25,,0,112,4.86,1.26,107,7,0,7,7.7,1,0,0,5.87,5.87,3.58,2.22,17.5,12.5,1.4,23.1
108952,668820,Max Kranick,24,PIT,0,108,4.71,1.24,112,2,0,2,5,0,0,0,0,0,3.26,1.2,21.1,15.8,1.3,28.1
109602,676391,Ernie Clement,26,CLE,0,92,4.02,1.28,102,2,0,2,2,0,0,0,18,18,16.06,3,0,0,,5
57951,543281,Josh Harrison,34,CHW,0,101,4.41,1.78,104,3,0,3,3,0,0,0,18,18,8.17,3.67,11.1,11.1,1,9.1
106870,642048,Tayler Saucedo,29,TOR,0,99,4.32,1.51,106,4,0,4,2.7,0,0,0,13.5,13.5,18.81,2.63,0,6.7,0,17.4
103743,656887,Sean Reid-Foley,26,NYM,0,114,4.94,1.29,115,7,0,7,10,0,0,0,5.4,5.4,5.27,1.4,18.2,15.9,1.1,31.9
104902,656954,Justus Sheffield,26,SEA,0,114,4.98,1.13,107,6,1,5,11.7,1,0,0,3.86,3.86,4.77,1.29,13.7,11.8,1.2,14.9
70551,607229,Robert Gsellman,28,CHC,0,115,5.02,1.16,111,8,0,8,15.3,0,2,1,4.7,5.87,4.17,1.3,14.1,4.7,3,24.5
103395,643361,Kevin Herget,31,TB,0,112,4.85,1.34,110,3,0,3,7,0,1,0,7.71,7.71,2.03,1.29,13.3,0,,20
100355,611093,Silvino Bracho,29,ATL,0,107,4.66,1.25,108,3,0,3,4.3,0,0,0,6.23,6.23,8.71,0.92,22.2,5.6,4,21.2
111153,657272,Erich Uelmen,26,CHC,0,117,5.09,1,114,25,0,25,27,2,1,1,4.67,5,4.95,1.37,17.2,9.8,1.8,27.7
107726,670426,Phillip Diehl,27,CIN,0,110,4.78,1.31,117,5,0,5,5.7,0,0,0,11.12,11.12,10.47,1.94,10.7,10.7,1,23.2
141739,683232,Nick Mears,25,PIT,0,94,4.1,1.1,99,2,0,2,2,0,0,0,0,0,2.67,1,25,12.5,2,30
109381,673258,Michel Baez,26,SD,0,95,4.12,1.06,93,2,0,2,2,0,0,0,0,0,1.17,0.5,28.6,0,,16.7
61056,544931,Stephen Strasburg,33,WAS,0,109,4.72,1.67,103,1,1,0,4.7,0,1,0,13.5,13.5,5.63,2.14,21.7,8.7,2.5,20
70636,608371,Lucas Sims,28,CIN,0,112,4.85,1.24,109,6,0,6,6.7,1,0,1,9.45,9.45,4.71,1.65,16.1,19.4,0.8,20.8
70509,606273,Roenis Elías,33,SEA,0,113,4.9,1.23,106,7,0,7,7.7,0,0,0,3.52,3.52,4.47,1.3,18.2,9.1,2,19.4
69954,607359,Spencer Patton,34,TEX,0,112,4.88,1.26,109,7,0,7,7,0,0,0,3.86,3.86,5.63,1,17.2,10.3,1.7,25
71295,607644,John Means,29,BAL,0,113,4.92,1.27,106,2,2,0,8,0,0,0,3.38,3.38,2.17,1.25,20.6,5.9,3.5,20.5
60918,573131,Darin Ruf,35,NYM,0,96,4.18,1.04,114,1,0,1,2,0,0,0,0,0,3.17,0.5,0,0,,0
68390,518748,Justin Grimm,33,OAK,0,116,5.04,1.18,116,15,0,15,15.3,0,0,0,4.11,4.7,4.23,1.63,15.5,9.9,1.6,24.6
68099,596271,Casey Lawrence,34,TOR,0,116,5.06,1.05,113,6,0,6,18,0,1,0,7.5,7.5,6.39,1.5,13.9,5.1,2.8,15.8
106650,660906,Francisco Perez,24,WAS,0,114,4.95,1.57,113,10,0,10,8.7,0,0,0,7.27,7.27,7.56,2.54,14.6,18.8,0.8,20.7
106973,596117,Garrett Stubbs,29,PHI,0,107,4.65,1.31,105,4,0,4,3.7,0,0,0,17.18,17.18,13.97,2.18,5.6,5.6,1,10.7
69523,605156,Aaron Brooks,32,STL,0,114,4.97,1.4,113,5,0,5,9.3,0,0,0,7.71,7.71,6.81,1.39,16.3,4.7,3.5,19.7
105690,660636,Diego Castillo,24,PIT,0,97,4.24,2.01,105,2,0,2,2,0,0,0,36,36,14.67,4.5,6.7,20,0.3,35
70482,605446,Dereck Rodríguez,30,MIN,0,113,4.93,1.45,109,2,0,2,7.7,0,1,0,3.52,5.87,8.78,1.43,11.8,11.8,1,22.2
109826,676596,Josh Fleming,26,TB,0,118,5.12,1.06,96,10,3,7,35,2,5,0,6.43,9.26,4.48,1.89,17.2,7.1,2.4,23
639,424144,Oliver Pérez,40,AZ,0,109,4.72,1.75,107,7,0,7,4,1,1,0,15.75,20.25,7.31,2.25,4.2,4.2,1,9.1
121263,681464,Franklin German,24,BOS,0,109,4.73,1.77,105,5,0,5,4,0,0,0,18,18,10.56,2.75,17.4,17.4,1,13.5
60740,572362,Robbie Erlin,31,LAD,0,99,4.29,1.2,105,2,0,2,2,0,0,0,9,9,10.06,1.5,11.1,11.1,1,11.8
111754,682027,Cam Alldred,25,PIT,0,79,3.43,1.07,87,1,0,1,1,0,0,0,0,0,1.17,1,25,0,,12.5
108349,660600,Enoli Paredes,26,HOU,0,106,4.59,1.23,107,3,0,3,3,0,0,0,3,3,4.72,2,14.3,21.4,0.7,18.5
66594,572191,Michael A. Taylor,31,KC,0,99,4.31,2.03,103,1,0,1,2,0,0,0,9,9,10.67,3.5,15.4,15.4,1,13.3
60907,572888,Shane Greene,33,,0,106,4.6,1.01,111,2,0,2,3,1,0,0,6,6,7.06,1.33,15.4,7.7,2,16
109150,641672,Thomas Hatch,27,TOR,0,111,4.82,1.71,104,1,1,0,4.7,0,1,0,19.29,19.29,11.74,3,15.4,7.7,2,14.6
132977,674681,Michael Plassmeyer,25,PHI,0,114,4.95,1.33,101,2,0,2,7.3,0,1,0,3.68,3.68,3.44,1.36,24.1,3.4,7,30.6
100392,613534,Austin Adams,31,SD,0,103,4.5,1.11,104,2,0,2,2.3,1,0,0,0,0,5.2,1.29,22.2,33.3,0.7,29.4
105466,660896,Jorge Alcala,26,MIN,0,104,4.5,1.35,105,2,0,2,2.3,0,0,0,0,0,4.03,1.71,20,20,1,35.3
68302,598265,Jackie Bradley Jr.,32,BOS,0,84,3.65,1.74,105,1,0,1,1,0,0,0,9,9,10.06,4,14.3,42.9,0.3,18.2
109066,642060,Cody Sedlock,27,BAL,0,107,4.67,1.99,103,1,0,1,3,0,0,0,15,15,2.17,2.33,18.8,6.3,3,31.6
71331,607572,Sam Howard,29,PIT,0,102,4.43,1.92,108,3,0,3,2,0,0,0,9,9,16.17,3,8.3,33.3,0.3,19
144786,688010,Nate Fisher,26,NYM,0,108,4.68,1.2,109,1,0,1,3,0,0,0,0,0,4.5,1,9.1,18.2,0.5,18.2
108223,669214,Conner Menez,27,CHC,0,86,3.73,1.35,95,1,0,1,1,0,0,0,0,0,4.06,1,20,0,,0
104804,656548,Jordan Holloway,26,MIA,0,106,4.63,1.12,103,1,0,1,2.7,0,0,0,3.37,3.37,2.68,1.5,18.2,9.1,2,12.5
109067,642068,Jordan Sheffield,27,COL,0,102,4.45,1.12,110,2,0,2,2,0,0,0,0,0,5.06,2,12.5,25,0.5,38.5
103260,642770,Javy Guerra,26,,0,117,5.09,1,117,18,0,18,18,2,1,0,5,5.5,6.11,1.5,12.2,13.4,0.9,17.7
66567,571917,Parker Markel,31,OAK,0,108,4.69,1.45,107,3,0,3,3,0,0,0,0,0,6.17,2,23.1,38.5,0.6,27.8
109007,656820,Nicholas Padilla,25,CHC,0,99,4.32,1.56,105,1,0,1,1.7,0,0,0,5.4,5.4,5.46,2.4,11.1,22.2,0.5,16.7
105220,657770,Eric Stout,29,,0,117,5.11,1.27,113,20,0,20,22.3,0,0,1,5.64,6.04,4.54,1.84,22.7,14.5,1.6,26.6
108552,666619,Gregory Santos,22,SF,0,110,4.79,1.4,107,2,0,2,3.7,0,0,0,4.91,4.91,4.53,1.64,11.8,17.6,0.7,20.7
102119,620454,José Castillo,26,SD,0,88,3.82,1.38,92,1,0,1,1,0,0,0,9,9,4.17,2,20,20,1,30
141255,682016,William Woods,23,ATL,0,104,4.51,1.23,101,2,0,2,2,0,0,0,0,0,2.67,1.5,25,12.5,2,25
101459,623485,Ashton Goudeau,29,COL,0,117,5.11,1.3,114,12,0,12,20.3,1,0,1,7.08,7.97,4.88,1.72,17,10.6,1.6,24.3
125692,663753,Reiss Knehr,25,SD,0,117,5.08,1.18,116,5,1,4,13.7,0,0,0,3.95,3.95,4.41,1.1,16.9,6.8,2.5,14.2
125515,668873,Caleb Kilian,25,CHC,0,116,5.06,1.54,112,3,3,0,11.3,0,2,0,10.32,11.91,4.91,2.03,16.1,21.4,0.8,16.8
102574,641531,Hunter Dozier,30,KC,0,92,3.99,1.81,101,1,0,1,1,0,0,0,18,18,19.17,3,0,16.7,0,0
60747,542194,Christian Bethancourt,30,,0,112,4.88,1.18,112,4,0,4,4,0,0,0,2.25,2.25,6.56,1.75,5.3,5.3,1,7.7
107233,664670,Alejo Lopez,26,CIN,0,109,4.74,1.09,112,3,0,3,2.7,0,0,0,6.75,6.75,12.81,0.75,0,0,,12.5
106439,663630,Ryan McKenna,25,BAL,0,99,4.32,2.1,105,2,0,2,1.3,0,0,0,13.5,13.5,5.31,4.5,0,10,0,12.5
108765,642203,Taylor Widener,27,AZ,0,117,5.1,1.2,116,14,0,14,17.3,0,1,0,3.63,4.15,4.33,1.56,17.1,6.1,2.8,20.1
110462,676617,Riley O'Brien,27,SEA,0,94,4.08,1.46,97,1,0,1,1,0,0,0,0,0,4.06,2,20,20,1,10
68671,592712,Connor Sadzeck,30,MIL,0,111,4.81,1.35,114,2,0,2,3,0,0,0,9,9,11.39,1.67,15.4,7.7,2,14.3
51129,501925,Joe Smith,38,MIN,0,118,5.13,0.96,107,34,0,34,27.3,1,1,0,4.61,5.93,6.24,1.54,13.9,7.4,1.9,17.6
102436,640461,Chad Pinder,30,OAK,0,95,4.11,1.97,107,1,0,1,1,0,0,0,27,27,12.17,4,0,28.6,0,0
70517,606993,Jake Hager,29,AZ,0,108,4.72,1.3,109,3,0,3,2.3,0,0,0,7.71,7.71,2.2,1.29,10,0,,16.7
50677,501303,Ehire Adrianza,32,WAS,0,95,4.12,1.32,98,1,0,1,1,0,0,0,0,0,4.06,1,25,25,1,33.3
108504,666720,Yerry Rodriguez,24,TEX,0,95,4.13,1.25,97,1,0,1,1,0,0,0,0,0,1.06,1,25,0,,9.1
66960,592222,Alex Claudio,30,NYM,0,112,4.87,1.25,107,3,0,3,3.3,0,0,0,0,0,3.77,0.9,15.4,15.4,1,25
71277,607609,A.J. Ladwig,29,MIA,0,112,4.87,1.23,110,1,0,1,3.3,0,0,0,10.8,10.8,10.86,1.8,0,0,,8.3
99961,571863,Matt Koch,31,SEA,0,114,4.94,1.46,114,4,0,4,4.3,0,0,0,8.31,8.31,8.37,1.38,15.8,5.3,3,28.6
66288,570560,Carlos Sanchez,30,BOS,0,96,4.19,1.71,105,1,0,1,1,0,0,0,9,9,3.06,3,0,0,,0
105174,657697,Vinny Nittoli,31,PHI,0,108,4.68,1.25,107,2,0,2,2,0,0,0,0,0,5.17,0.5,12.5,12.5,1,25
108291,641914,Sheldon Neuse,27,OAK,0,113,4.9,0.92,113,3,0,3,3.7,0,0,0,0,0,3.06,0.27,0,0,,0
107428,665871,Javier Assad,24,CHC,0,118,5.14,0.95,117,9,8,1,37.7,2,2,0,3.11,3.35,4.55,1.46,18.1,12,1.5,23.2
67175,593160,Whit Merrifield,33,TOR,0,98,4.26,1.75,105,1,0,1,1,0,0,0,18,18,19.06,2,0,0,,25
110211,675912,Zac Lowther,26,BAL,0,115,5,1.54,112,1,0,1,5.3,0,0,0,8.44,10.13,4.37,1.88,3.6,7.1,0.5,14.6
105219,657766,Locke St. John,29,CHC,0,109,4.74,1.59,106,1,0,1,2,0,0,0,13.5,13.5,12.06,1.5,44.4,0,,35.3
59592,571466,Tucker Barnhart,31,DET,0,100,4.33,1.15,103,1,0,1,1,0,0,0,9,9,3.17,3,0,0,,25
58309,543351,Jay Jackson,34,ATL,0,105,4.58,1.21,105,2,0,2,1.3,0,0,0,0,0,1.67,0.75,20,0,,33.3
204,405395,Albert Pujols,42,STL,0,102,4.42,2.48,105,1,0,1,1,0,0,0,36,36,32.17,4,0,14.3,0,0
109159,641312,Shaun Anderson,27,TOR,0,102,4.46,2.27,103,1,0,1,1,0,0,0,18,18,3.06,4,0,0,,10
60095,545121,Ildemaro Vargas,30,WAS,0,103,4.48,0.89,102,1,0,1,1,0,0,0,0,0,3.06,0,0,0,,0
55773,518586,Charlie Culberson,33,TEX,0,112,4.85,1.08,110,2,0,2,2,0,0,0,0,0,4.67,1,0,12.5,0,7.7
105897,663975,Nick Duron,26,PHI,0,104,4.54,1.08,95,1,0,1,1,0,0,0,0,0,1.17,2,25,0,,16.7
100406,614177,Franmil Reyes,26,CHC,0,105,4.56,0.69,93,1,0,1,1,0,0,0,0,0,4.17,0,33.3,0,,33.3
108975,668834,Easton McGee,24,TB,0,114,4.97,1.52,112,1,0,1,3,0,0,0,0,3,2.5,1.33,7.1,0,,13
60408,545341,Randal Grichuk,30,COL,0,105,4.57,0.97,99,1,0,1,1,0,0,0,0,0,3.06,0,0,0,,20
140382,681810,Austin Warren,26,LAA,0,118,5.13,1.23,114,14,0,14,16,2,0,0,5.62,5.62,5.42,1.5,12.9,7.1,1.8,17.3
108112,670032,Nicky Lopez,27,KC,0,106,4.61,1.8,112,1,0,1,1,0,0,0,18,18,29.17,3,0,0,,0
71000,607391,Chris Mazza,32,TB,0,116,5.06,2.29,112,2,0,2,5.3,1,0,0,11.81,16.88,13.11,2.81,14.3,17.1,0.8,24.2
107232,664042,Travis Lakins Sr.,28,BAL,0,118,5.12,1.39,116,6,0,6,10.3,0,1,0,9.58,9.58,7.43,1.94,16,12,1.3,20
60931,572008,Chris Owings,30,BAL,0,107,4.67,1.61,112,1,0,1,1,0,0,0,9,9,3.06,2,0,0,,0
105056,657514,Brennan Bernardino,30,SEA,0,114,4.95,1.67,108,2,0,2,2.3,0,1,0,3.86,11.57,5.63,2.14,0,15.4,0,0
117703,663562,Noah Davis,25,COL,0,108,4.71,2.44,107,1,0,1,1,0,0,0,18,18,15.17,4,28.6,14.3,2,25
111148,676766,Nick Snyder,26,TEX,0,109,4.72,2.38,111,2,0,2,1,0,0,0,18,18,12.06,4,0,42.9,0,9.1
101630,624512,Reese McGuire,27,BOS,0,109,4.73,0.96,107,1,0,1,1,0,0,0,0,0,3.17,0,0,0,,0
109526,676130,Jose Butto,24,NYM,0,116,5.06,1.95,112,1,1,0,4,0,0,0,15.75,15.75,8.56,2.75,21.7,8.7,2.5,24.5
67762,594838,Phil Gosselin,33,LAA,0,109,4.74,0.98,103,1,0,1,1,0,0,0,0,0,3.17,0,0,0,,0
102110,620443,Luis Torrens,26,SEA,0,114,4.95,1.55,112,2,0,2,2,1,0,0,4.5,9,9.67,1.5,0,0,,15
111214,678061,Ray Kerr,27,SD,0,117,5.09,1.33,117,7,0,7,5,0,0,0,9,9,6.86,1.4,14.3,19,0.8,25.6
109414,676946,Matthew Batten,27,SD,0,115,4.99,1.49,116,2,0,2,2,0,0,0,4.5,4.5,8.56,1,12.5,0,,21.4
66085,553902,Willians Astudillo,30,MIA,0,115,5.01,1.03,117,2,0,2,2,0,0,0,0,0,6.06,1,0,28.6,0,0
105205,657745,Bubby Rossman,30,PHI,0,112,4.85,2.02,106,1,0,1,1,0,0,0,18,18,17.17,2,20,20,1,62.5
100318,608703,Matt Reynolds,31,CIN,0,114,4.94,2.5,110,2,0,2,1.3,0,0,0,6.75,6.75,7.67,2.25,0,0,,8.3
51845,491624,César Valdez,37,LAA,0,112,4.87,1.78,107,1,0,1,1,0,0,0,9,18,3.06,2,0,0,,9.1
110280,665155,Nick Maton,25,PHI,0,114,4.95,1.92,107,2,0,2,1.3,0,0,0,20.25,20.25,3.17,3,0,0,,0
110259,656686,Corbin Martin,26,AZ,0,119,5.16,1.24,117,7,2,5,22.3,0,1,0,4.84,5.64,4.65,1.66,20.8,11.9,1.8,26.6
100316,608700,Kevin Plawecki,31,BOS,0,113,4.9,1.34,112,1,0,1,1,0,0,0,0,0,3.17,1,0,0,,0
103280,642851,Austin Wynns,31,SF,0,116,5.04,1.68,115,2,0,2,2,0,0,0,13.5,13.5,11.06,2,0,10,0,9.1
69854,607054,Jace Peterson,32,MIL,0,113,4.91,1,109,1,0,1,1,0,0,0,0,0,3.06,0,0,0,,0
102080,608686,Jack Mayfield,31,LAA,0,113,4.92,1.43,117,1,0,1,1,0,0,0,0,0,3.06,1,0,0,,0
103695,645801,Mike Ford,29,ATL,0,114,4.95,1.92,113,1,0,1,1,0,0,0,18,18,19.06,2,0,20,0,0
103985,644374,Yu Chang,26,TB,0,116,5.06,1.91,113,2,0,2,2,0,0,0,13.5,13.5,9.67,3,0,0,,0
107538,670712,Mike Brosseau,28,MIL,0,117,5.11,1.45,113,3,0,3,3,0,0,0,0,0,4.17,1,0,7.7,0,5.9
55951,506702,Sandy Leon,33,CLE,0,117,5.08,1.05,116,1,0,1,2,0,0,0,0,0,3.17,0,0,0,,14.3
104792,656492,Foster Griffin,26,,0,118,5.14,1.38,109,6,0,6,6.3,0,0,0,8.53,9.95,4.75,1.89,12.5,15.6,0.8,25
105889,650960,Daniel Duarte,25,CIN,0,117,5.11,1.82,119,3,0,3,2.7,0,0,0,10.12,10.12,9.81,2.25,14.3,21.4,0.7,11.4
108578,661531,Brian Serven,27,COL,0,115,5,0.77,115,1,0,1,1,0,0,0,0,0,6.06,1,0,33.3,0,0
109101,622268,Donovan Walton,28,SF,0,116,5.03,2.29,109,1,0,1,1,0,0,0,27,27,19.06,4,0,14.3,0,0
69600,606115,Orlando Arcia,27,ATL,0,116,5.03,1.41,111,1,0,1,1,0,0,0,0,0,6.17,1,0,25,0,16.7
105101,657585,Reed Garrett,29,WAS,0,118,5.15,1.55,112,7,0,7,9.3,0,1,0,6.75,7.71,6.06,2.25,12.2,16.3,0.8,22.6
104168,650382,Darwinzon Hernandez,25,BOS,0,119,5.16,2.28,112,7,0,7,6.7,0,1,0,21.6,22.95,12.77,3.3,20.9,18.6,1.1,33.3
31391,425877,Yadier Molina,39,STL,0,118,5.14,2.34,112,2,0,2,2,0,0,0,18,18,15.06,3,8.3,0,,9.5
71024,571616,Matt Dermody,31,CHC,0,118,5.14,2.62,106,1,0,1,1,0,0,0,18,18,7.06,4,14.3,28.6,0.5,25
108515,667373,Angel Rondón,24,STL,0,119,5.16,1.34,117,1,0,1,5,1,0,0,0,0,3.37,0.8,20,15,1.3,24.3
69095,605612,Harold Castro,28,DET,0,119,5.18,1.37,113,4,0,4,4,0,0,0,4.5,4.5,4.17,1.75,5.6,5.6,1,4
100166,571439,R.J. Alvarez,31,NYM,0,120,5.21,2.05,115,1,0,1,2.3,0,1,0,11.57,11.57,16.34,3,15.4,23.1,0.7,28.6
102064,605170,Victor Caratini,28,MIL,0,123,5.36,2.82,112,1,0,1,1,0,0,0,27,27,9.17,3,0,14.3,0,0
67119,592743,Andrelton Simmons,32,CHC,0,123,5.36,3.49,110,1,0,1,1,0,0,0,45,45,6.06,6,0,11.1,0,10
141257,680573,Simeon Woods Richardson,21,MIN,0,120,5.21,1.28,118,1,1,0,5,0,1,0,3.6,5.4,5.77,1,15,10,1.5,19.2
101023,622569,Pablo Reyes,28,MIL,0,124,5.38,1.18,122,1,0,1,1,0,0,0,0,0,3.17,0,0,0,,0
106732,660593,Denyi Reyes,25,BAL,0,120,5.2,1.12,114,3,1,2,7.7,0,0,0,2.35,2.35,2.78,1.17,9.7,3.2,3,19.1
103500,643524,Frank Schwindel,30,CHC,0,121,5.28,2.23,126,3,0,3,3,0,0,0,18,18,21.5,3,0,5.6,0,12.5
106875,621011,Max Schrock,27,CIN,0,127,5.51,4.95,112,1,0,1,1,0,0,0,45,45,29.06,7,0,0,,5.9
107918,641656,Ian Hamilton,27,MIN,0,122,5.32,1.36,117,1,0,1,2.7,0,0,0,6.75,6.75,9.06,1.5,0,9.1,0,10.5
55520,520980,Pedro Báez,34,HOU,0,123,5.35,2.55,113,3,0,3,2.3,0,0,0,11.57,23.14,5.31,3.43,12.5,18.8,0.7,30.3
110399,672839,Francisco Morales,22,PHI,0,122,5.29,1.15,114,3,0,3,5,0,0,1,7.2,9,8.77,1.6,14.3,28.6,0.5,26.1
103906,641907,Patrick Murphy,27,WAS,0,121,5.28,2.12,112,6,0,6,5.7,0,0,0,6.35,9.53,5.99,2.82,11.8,23.5,0.5,17.9
66638,572816,Corey Dickerson,33,STL,0,138,5.99,2.74,123,1,0,1,1,0,0,0,0,0,6.06,3,0,16.7,0,0
120170,667465,Aaron Fletcher,26,PIT,0,120,5.24,1.18,117,9,0,9,11.7,0,1,0,6.94,6.94,6.06,1.2,11.5,7.7,1.5,28.2
47625,444876,Alcides Escobar,35,WAS,0,131,5.68,2.17,117,2,0,2,1.7,0,0,0,10.8,10.8,6.77,2.4,0,10,0,0
110713,676720,Tommy Romero,24,,0,121,5.27,1.3,121,4,2,2,8.3,1,1,0,10.8,12.96,15.65,2.4,15.9,20.5,0.8,20.9
122776,663554,Casey Mize,25,DET,0,121,5.26,1.41,116,2,2,0,10,0,1,0,5.4,5.4,4.16,1.5,8.9,4.4,2,12
109127,641743,Anthony Kay,27,TOR,0,132,5.72,2.4,114,1,0,1,2,0,0,0,4.5,4.5,3.17,1.5,30,10,3,35.3
66214,554431,Tyler Matzek,31,ATL,0,119,5.19,0.99,123,42,0,42,43.7,4,2,1,3.5,4.33,4.54,1.26,19.6,15.8,1.2,26.1
60635,571976,Wil Myers,31,SD,0,126,5.49,1.39,122,4,0,4,3.7,0,0,0,7.36,7.36,14.62,1.09,0,0,,0
58880,543829,Dee Strange-Gordon,34,WAS,0,149,6.49,3.81,119,1,0,1,1,0,0,0,27,27,28.06,5,0,37.5,0,0
101105,622694,Elieser Hernandez,27,MIA,0,119,5.19,1.06,122,20,10,10,62.3,3,6,0,6.35,6.93,6.46,1.43,21.6,7.9,2.7,25
69837,606930,Jacob Barnes,32,,0,120,5.23,1,114,23,0,23,22.3,3,1,0,5.64,5.64,5.21,1.43,12.4,9.3,1.3,21.1
65751,519242,Chris Sale,33,BOS,0,125,5.43,1.5,109,2,2,0,5.7,0,1,0,3.18,4.76,2.35,1.06,20,4,5,12.5
116408,665019,Kody Clemens,26,DET,0,124,5.38,1.46,116,7,0,7,7,0,0,0,3.86,3.86,3.31,1.86,3,3,1,0
58775,527055,Arodys Vizcaíno,31,KC,0,125,5.44,1.93,122,7,0,7,5.7,0,0,0,6.35,6.35,8,1.94,10.3,24.1,0.4,24.4
103738,622103,Gerardo Reyes,29,LAA,0,137,5.96,2.58,119,2,0,2,2,0,0,0,4.5,4.5,14.17,3,0,25,0,25
107838,670329,Rico Garcia,28,BAL,0,124,5.38,1.21,122,6,0,6,8,0,0,0,4.5,4.5,7.04,1.38,5.7,8.6,0.7,13.2
108820,669935,A.J. Alexy,24,TEX,0,126,5.47,1.95,114,4,0,4,7,1,1,0,11.57,11.57,7.17,2.71,15.8,23.7,0.7,18.8
110808,657756,Connor Seabold,26,BOS,0,122,5.3,1.56,113,5,5,0,18.3,0,4,0,11.29,11.78,6.44,2.35,19.4,8.2,2.4,25.1
109475,671790,Ronald Bolaños,25,KC,0,122,5.3,1.39,114,8,0,8,18.3,0,0,0,4.42,4.42,5.62,1.75,13.8,13.8,1,23.7
143917,686610,Ken Waldichuk,24,OAK,0,121,5.24,1.14,112,7,7,0,34.7,2,2,0,4.93,4.93,4.24,1.21,22.6,6.8,3.3,25.3
104211,650496,J.C. Mejía,25,MIL,0,146,6.34,2.81,121,2,0,2,2.3,0,0,0,23.14,23.14,8.74,4.29,6.3,31.3,0.2,36.4
107170,663465,Kolby Allard,24,TEX,0,122,5.31,1.36,119,10,0,10,21,1,2,1,7.29,7.29,7.93,1.29,21.8,6.9,3.2,27.5
102777,642165,Josh VanMeter,27,PIT,0,143,6.23,4.1,116,3,0,3,3,0,0,0,39,39,26.83,5.67,0,7.4,0,2.7
109918,670768,Luis González,26,SF,0,130,5.67,1.6,111,5,0,5,6.3,0,0,0,5.68,5.68,3.53,1.58,0,3.3,0,0
71383,595939,Chris Ellis,29,BAL,0,137,5.96,2.04,117,2,2,0,4.3,0,0,0,10.38,10.38,7.09,2.54,8,24,0.3,21.2
108691,668684,Tanner Tully,27,CLE,0,133,5.78,1.59,121,3,0,3,6,0,0,0,6,6,7.56,2.33,6.7,20,0.3,21.1
102762,642130,Blake Taylor,26,HOU,0,124,5.4,1.34,117,19,0,19,16,1,1,0,3.94,3.94,4.92,1.56,12,13.3,0.9,20.1
70619,608348,Carson Kelly,27,AZ,0,138,5.99,1.76,127,4,0,4,4.7,0,0,0,7.71,7.71,7.24,2.36,0,8.3,0,0
107143,663765,Jake Woodford,25,STL,0,121,5.25,0.82,110,27,1,26,48.3,4,0,0,2.23,2.42,3.08,1.12,12.8,5.9,2.2,17.1
110859,676092,Collin Snider,26,KC,0,122,5.29,0.88,111,42,0,42,34.3,4,2,0,6.55,6.55,4.4,1.6,14.6,9.9,1.5,20.9
112439,668933,Graham Ashcraft,24,CIN,0,120,5.21,0.77,106,19,19,0,105,5,6,0,4.89,5.23,4.15,1.42,15.3,6.5,2.4,18.6
49925,468504,Jhoulys Chacín,34,COL,-0.1,121,5.26,0.95,115,35,0,35,47.3,4,2,0,7.61,8.37,4.87,1.61,16.9,9.6,1.8,20.9
67034,592473,Adam Kolarek,33,OAK,-0.1,124,5.41,1.26,107,15,0,15,17.7,0,1,0,4.58,4.58,4.64,1.58,11.4,10.1,1.1,11
100322,608716,Drew Steckenrider,31,SEA,-0.1,126,5.48,1.46,119,16,0,16,14.3,0,2,2,5.65,5.65,4.63,1.81,14.7,7.4,2,20.8
123804,663773,Bryan Hoeing,25,MIA,-0.1,127,5.54,1.2,116,8,1,7,12.7,1,1,0,12.08,12.08,8.43,1.89,9.8,8.2,1.2,12.9
108984,668338,Tyson Miller,26,TEX,-0.1,129,5.62,1.52,118,4,2,2,10.7,1,2,0,10.97,11.81,5.59,2.25,14.3,14.3,1,21.8
100628,621433,Brett Phillips,28,TB,-0.1,148,6.45,2.09,129,3,0,3,4,0,0,0,18,18,14.42,2.75,0,9.1,0,3.7
108272,666205,Kyle Muller,24,ATL,-0.1,129,5.61,1.44,115,3,3,0,12.3,1,1,0,8.03,8.03,5.28,1.7,20.3,13.6,1.5,26.9
111166,676265,Cory Abbott,26,WAS,-0.1,122,5.29,1.13,123,16,9,7,48,0,5,0,5.25,5.63,6.42,1.44,20.8,11.6,1.8,26.3
142386,683769,Hunter Gaddis,24,CLE,-0.1,137,5.96,2.22,125,2,2,0,7.3,0,2,0,18.41,18.41,15.44,2.45,12.5,7.5,1.7,20
55735,517008,Alex Colomé,33,COL,-0.1,122,5.29,1.05,109,53,0,53,47,2,7,4,5.74,6.89,4.59,1.68,14.9,10.2,1.5,20
107596,641447,Daniel Castano,27,MIA,-0.1,123,5.34,0.94,111,10,7,3,35.7,1,3,0,4.04,5.05,4.79,1.43,12.8,5.8,2.2,17.5
140479,677960,Ryan Weathers,22,SD,-0.1,157,6.83,2.7,117,1,1,0,3.7,0,0,0,9.82,9.82,4.69,2.73,14.3,19,0.8,25.6
104044,646242,Jhonathan Diaz,25,LAA,-0.1,128,5.58,1.31,114,4,3,1,15.3,1,1,0,2.93,2.93,4.43,1.5,16.7,15.2,1.1,22
104481,650893,Génesis Cabrera,25,STL,-0.1,122,5.32,0.96,118,39,0,39,44.7,4,2,1,4.63,4.84,5.68,1.32,16.5,10.3,1.6,23.4
101622,624503,Nick Gordon,26,MIN,-0.1,161,7,2.96,129,4,0,4,3.7,0,0,0,22.09,22.09,13.42,3.82,0,16,0,3.1
106125,621368,Taylor Hearn,27,TEX,-0.1,120,5.24,0.87,109,31,13,18,100,6,8,1,5.13,5.4,4.04,1.5,21.6,9.6,2.3,22.3
107817,666818,Luis Frías,24,AZ,-0.1,128,5.59,1.6,120,15,0,15,17,1,1,0,10.59,10.59,5.35,2.35,15.6,18.9,0.8,23.6
125575,667463,John King,27,TEX,-0.1,122,5.31,0.87,99,39,0,39,51.3,1,4,0,4.03,4.73,4.03,1.46,13.5,6.3,2.1,19.8
70921,596071,Dillon Peters,29,PIT,-0.1,123,5.36,0.91,118,22,4,18,39.3,5,2,0,4.58,4.58,4.8,1.32,15.8,10.3,1.5,20.1
104871,656818,Connor Overton,28,CIN,-0.1,124,5.4,0.78,122,6,4,2,33,1,0,0,2.73,2.73,3.6,0.97,11.3,8.9,1.3,16.3
58407,543475,Jordan Lyles,31,BAL,-0.1,120,5.21,0.69,111,32,32,0,179,12,11,0,4.42,4.73,4.34,1.39,18.6,6.7,2.8,21.8
109052,670046,Kenny Rosenberg,26,LAA,-0.1,136,5.93,1.4,125,3,1,2,10.7,0,0,0,4.22,4.22,4.46,1.41,17,12.8,1.3,22
100574,621244,José Berríos,28,TOR,-0.1,120,5.22,0.68,110,32,32,0,172,12,7,0,5.23,5.39,4.49,1.42,19.8,6,3.3,21.3
49543,489265,Sergio Romo,39,,-0.1,130,5.65,1.33,129,23,0,23,18,0,1,0,7.5,8,7.67,1.39,17.7,7.6,2.3,21.9
48219,459429,Jake McGee,35,,-0.1,125,5.42,0.87,121,42,0,42,37,1,3,3,6.81,7.05,4.9,1.43,15.3,7.4,2.1,19.3
117434,675540,Xzavion Curry,23,CLE,-0.1,142,6.17,1.81,126,2,2,0,9.3,0,1,0,5.79,6.75,6.06,2.04,6.4,12.8,0.5,25.4
111079,672582,Angel Zerpa,22,KC,-0.1,139,6.02,1.27,119,3,2,1,11,2,1,0,1.64,2.45,5.8,1.09,6.8,6.8,1,10.3
143009,685503,Kohei Arihara,29,TEX,-0.1,130,5.65,1.54,111,5,4,1,20,1,3,0,9.45,9.9,6.47,2.35,13,10.2,1.3,22
137078,663629,Ethan Small,25,MIL,-0.1,154,6.69,2.19,124,2,2,0,6.3,0,0,0,7.11,7.11,6.8,2.53,21.2,24.2,0.9,33.3
102044,592761,Caleb Smith,30,AZ,-0.1,122,5.31,0.96,125,44,1,43,70,1,3,0,4.11,4.5,5.63,1.37,21.5,12.9,1.7,28.8
67011,592390,Heath Hembree,33,,-0.1,129,5.61,1.31,126,26,0,26,22,3,1,0,7.36,7.77,7.49,1.95,15.9,15.9,1,18.2
109078,669912,Kirby Snead,27,OAK,-0.1,124,5.39,1.08,110,46,0,46,44.7,1,1,1,5.84,6.25,4.67,1.75,16.7,10.5,1.6,20.1
67397,593619,Domingo Tapia,30,OAK,-0.1,133,5.77,1.39,117,11,0,11,17,0,0,0,8.47,8.47,5.06,2.29,13.3,15.6,0.9,18.6
105936,663559,Bailey Falter,25,PHI,-0.1,122,5.29,0.92,115,20,16,4,84,6,4,0,3.86,4.18,4.7,1.21,21.2,4.9,4.4,23.8
100188,572403,Drew VerHagen,31,STL,-0.1,131,5.68,1.45,122,19,0,19,21.7,3,1,0,6.65,7.48,6.47,1.89,17,13.2,1.3,28.4
52231,453343,Mark Melancon,37,AZ,-0.1,124,5.38,0.92,116,62,0,62,56,3,10,18,4.66,5.95,4.15,1.5,14.2,8.5,1.7,20.9
67418,593643,Hanser Alberto,29,LAD,-0.1,144,6.25,1.4,136,10,0,10,11,0,0,0,4.09,4.09,6.44,1.18,2.1,6.4,0.3,2.7
103789,596295,Austin Gomber,28,COL,-0.1,121,5.26,0.7,110,33,17,16,124.7,5,7,0,5.56,5.78,4.6,1.37,18,6.4,2.8,22.2
106774,660730,Elvin Rodriguez,24,DET,-0.2,129,5.6,1.34,120,7,5,2,29.7,0,4,0,10.62,10.62,8.25,1.92,17.5,10.5,1.7,16.9
107597,528748,Humberto Castellanos,24,AZ,-0.2,125,5.46,1.07,120,11,9,2,44.3,3,2,0,5.68,5.89,4.75,1.4,16.5,6.2,2.7,17.8
100591,621295,Nick Wittgren,31,STL,-0.2,129,5.62,1.13,118,29,0,29,29,1,0,1,5.9,5.9,3.89,1.55,12.7,7.5,1.7,17.2
100555,621219,Alec Mills,30,CHC,-0.2,138,6,1.5,125,7,2,5,17.7,0,1,0,9.68,10.19,7.98,1.75,13.1,3.6,3.7,15.5
58453,489119,Wade Miley,35,CHC,-0.2,129,5.59,1.02,113,9,8,1,37,2,2,0,3.16,4.86,4.01,1.22,17.6,8.8,2,25.3
111286,669432,Trevor Rogers,24,MIA,-0.2,122,5.32,0.82,106,23,23,0,107,4,11,0,5.47,5.8,4.41,1.5,22.2,9.4,2.4,25.8
36959,448179,Rich Hill,42,BOS,-0.2,122,5.3,0.74,110,26,26,0,124.3,8,7,0,4.27,4.85,3.86,1.3,20.7,7,2.9,22
45578,434671,Aníbal Sánchez,38,WAS,-0.2,124,5.41,0.85,127,14,14,0,69.3,4,6,0,4.28,4.41,5.71,1.27,16.4,11.3,1.5,19.7
107147,664337,Miguel Yajure,24,PIT,-0.2,135,5.87,1.4,122,12,1,11,24.3,1,1,1,8.88,9.62,5.56,1.93,13.4,13.4,1,22.3
69545,605288,Adrian Houser,29,MIL,-0.2,123,5.34,0.79,116,22,21,1,102.7,6,10,0,4.73,5.79,4.16,1.46,15.2,10.3,1.5,17.1
141113,680739,Josh Winder,25,MIN,-0.2,125,5.43,0.93,122,15,11,4,67,4,6,0,4.7,4.97,4.93,1.3,16.4,6.3,2.6,22.2
109116,643615,T.J. Zeuch,26,CIN,-0.2,158,6.86,2.43,123,3,3,0,10.7,0,3,0,15.19,15.19,11.03,2.91,7.8,10.9,0.7,15.9
52572,453178,Ian Kennedy,37,AZ,-0.2,127,5.53,1.25,126,57,0,57,50.3,4,7,10,5.36,5.9,5.63,1.57,19,9.5,2,19.4
70759,595881,Tyler Beede,29,,-0.2,126,5.47,0.96,116,31,5,26,61.3,2,5,0,5.14,5.43,5.04,1.63,13.7,10.2,1.3,20.1
110928,676194,Jackson Tetreault,26,WAS,-0.2,141,6.13,1.26,128,4,4,0,21,2,2,0,5.14,6.43,6.11,1.57,9.4,10.4,0.9,18.1
60787,547943,Hyun Jin Ryu,35,TOR,-0.2,136,5.93,1.19,115,6,6,0,27,2,0,0,5.67,5.67,4.83,1.33,14.2,3.5,4,17
109278,670174,Josh Winckowski,24,BOS,-0.3,126,5.47,0.89,113,15,14,1,70.3,5,7,0,5.89,6.01,5,1.59,13.9,8.5,1.6,17.5
110045,675921,Spencer Howard,25,TEX,-0.3,133,5.76,1.41,119,10,8,2,37.7,2,4,0,7.41,7.88,6.88,1.73,17.9,8.4,2.1,17.8
111310,656412,Alex Faedo,26,DET,-0.3,129,5.59,1.15,121,12,12,0,53.7,1,5,0,5.53,5.7,4.57,1.64,18,10.2,1.8,24.4
58436,519008,T.J. McFarland,33,STL,-0.3,137,5.95,1.08,115,28,0,28,32.7,0,0,0,6.61,7.16,5.26,1.62,11,7.6,1.5,16.1
71326,605507,Zach Thompson,28,PIT,-0.3,124,5.38,0.73,115,29,22,7,121.7,3,10,0,5.18,5.62,4.93,1.51,16.6,8.5,2,23.9
110507,672715,Luis Patiño,22,TB,-0.3,151,6.57,1.61,131,6,6,0,20,1,2,0,8.1,8.1,8.07,1.95,11.2,13.3,0.8,21.2
110296,668948,Kirk McCarty,26,CLE,-0.3,136,5.93,1.08,125,13,2,11,37.7,4,3,0,4.54,5.5,6.59,1.33,16.4,8.2,2,23.7
70753,605164,Dylan Bundy,29,MIN,-0.3,124,5.38,0.72,122,29,29,0,140,8,8,0,4.89,5.08,4.72,1.28,15.8,4.7,3.4,21.3
104943,657093,Spenser Watkins,29,BAL,-0.3,125,5.45,0.72,117,23,20,3,105.3,5,6,0,4.7,5.04,4.3,1.41,13.7,6.5,2.1,19.8
58459,543548,Tommy Milone,35,SEA,-0.4,160,6.94,1.43,141,7,0,7,16.7,1,1,0,5.4,5.4,6.95,1.2,7.2,8.7,0.8,14.4
127265,663738,Daniel Lynch,25,KC,-0.4,124,5.39,0.84,107,27,27,0,131.7,4,13,0,5.13,5.4,4.69,1.57,20.3,8.7,2.3,25.4
132835,663455,Konnor Pilkington,24,CLE,-0.4,131,5.7,1.12,119,15,11,4,58,1,2,0,3.88,4.66,4.44,1.47,19.4,12.4,1.6,28
106027,621248,Ralph Garza Jr.,28,TB,-0.4,140,6.08,1.13,126,19,0,19,35,2,2,0,3.34,3.6,5.12,1.54,11.1,10.5,1.1,20.3
106791,642028,Josh Rogers,27,WAS,-0.4,147,6.38,1.23,132,16,3,13,26.3,2,2,0,5.13,5.13,6.47,1.33,10.6,9.7,1.1,13.7
101249,623167,Chris Flexen,27,SEA,-0.4,124,5.41,0.76,123,33,22,11,137.7,8,9,2,3.73,3.99,4.44,1.33,16.1,8.6,1.9,21.8
50704,501381,Michael Pineda,33,DET,-0.4,136,5.92,1.2,126,11,11,0,46.7,2,7,0,5.79,5.98,6.19,1.41,13,4,3.3,17.6
110810,676664,JP Sears,26,,-0.4,130,5.67,0.79,117,17,11,6,70,6,3,0,3.86,3.99,4.27,1.29,17.7,8,2.2,20
125761,657649,Jared Koenig,28,OAK,-0.4,139,6.07,1.13,119,10,5,5,39.3,1,3,0,5.72,5.72,4.79,1.4,12.4,8.5,1.5,15.1
109297,672851,Joan Adon,23,WAS,-0.4,131,5.72,1.13,116,14,14,0,64.7,1,12,0,7.1,7.38,5.16,1.78,17.7,12.6,1.4,16.8
107171,621076,James Kaprielian,28,OAK,-0.4,125,5.43,0.75,124,26,26,0,134,5,9,0,4.23,4.57,4.58,1.34,17,10.2,1.7,21.1
123283,674072,Tommy Henry,24,AZ,-0.4,137,5.96,1.19,123,9,9,0,47,3,4,0,5.36,5.36,5.82,1.45,17.6,10.2,1.7,23.4
126657,669461,Matthew Liberatore,22,STL,-0.5,144,6.27,1.41,123,9,7,2,34.7,2,2,0,5.97,5.97,5.07,1.73,17.4,11.2,1.6,21.8
123679,682051,Garrett Hill,26,DET,-0.5,134,5.81,1,130,17,8,9,60.3,3,3,0,4.03,4.33,5.21,1.36,15.2,11,1.4,19.7
66311,570632,José Ureña,30,,-0.5,128,5.58,0.73,114,21,17,4,97,3,8,0,5.01,5.75,4.59,1.57,14.6,10,1.5,19.7
109108,669060,Bryse Wilson,24,PIT,-0.5,127,5.53,0.74,115,25,20,5,115.7,3,9,0,5.52,6.22,5,1.42,15.5,6.3,2.5,17.6
107737,643290,Justin Dunn,26,CIN,-0.5,150,6.54,1.52,138,7,7,0,31,1,3,0,6.1,6.1,8.25,1.58,15.2,12.3,1.2,22.3
107689,656353,Tucker Davidson,26,,-0.5,138,5.98,0.97,120,12,11,1,52,2,7,0,6.75,6.75,5.73,1.71,13.6,14.4,0.9,22.5
103929,642232,Ryan Yarbrough,30,TB,-0.5,131,5.71,0.92,116,20,9,11,80,3,8,0,4.5,4.95,4.72,1.38,17.2,6.2,2.8,22.2
109131,666142,Cole Ragans,24,TEX,-0.5,144,6.26,1.28,125,9,9,0,40,0,3,0,4.95,5.4,4.86,1.48,15.5,9.2,1.7,22.5
60448,572971,Dallas Keuchel,34,,-0.6,137,5.95,1,112,14,14,0,60.7,2,9,0,9.2,10.24,5.46,2.06,14.9,10.2,1.5,22.3
106041,656457,Tyler Gilbert,28,AZ,-0.6,151,6.57,1.26,133,8,7,1,34.3,0,3,0,5.24,5.5,5.88,1.25,13.7,6.8,2,19.9
109313,669920,Jason Alexander,29,MIL,-0.6,135,5.87,0.99,115,18,11,7,71.7,2,3,0,5.4,5.9,5.4,1.62,14.3,8.7,1.6,17.3
109073,656970,Devin Smeltzer,26,MIN,-0.7,137,5.98,0.88,128,15,12,3,70.3,5,2,0,3.71,3.84,5.18,1.22,13.9,6.6,2.1,18.6
71098,607536,Kyle Freeland,29,COL,-0.7,126,5.5,0.78,109,31,31,0,174.7,9,11,0,4.53,4.95,4.16,1.41,17.1,6.9,2.5,20.8
109144,661269,Vladimir Gutierrez,26,CIN,-0.7,155,6.76,1.46,134,10,8,2,36.7,1,6,0,7.61,7.61,6.88,1.91,16.2,13.4,1.2,18.1
110000,672578,Carlos Hernández,25,KC,-0.8,146,6.33,1.18,128,27,7,20,56,0,5,0,7.39,7.71,5.15,1.84,13.2,11.7,1.1,23.7
31734,425844,Zack Greinke,38,KC,-0.8,130,5.65,0.77,118,26,26,0,137,4,9,0,3.68,4.27,4.09,1.34,12.5,4.6,2.7,17.4
123117,669169,Jonathan Heasley,25,KC,-0.8,134,5.82,0.92,129,21,21,0,104,4,10,0,5.28,5.8,5.62,1.49,15.1,10.1,1.5,19.7
101060,622608,Antonio Senzatela,27,COL,-0.9,137,5.95,0.92,106,19,19,0,92.3,3,7,0,5.07,5.46,4,1.69,13.1,5.6,2.3,16.3
102639,641771,Chad Kuhl,29,COL,-0.9,131,5.71,0.83,122,27,27,0,137,6,11,0,5.72,5.98,5.31,1.55,17.8,9.4,1.9,23.7
114683,663460,Kris Bubic,24,KC,-0.9,132,5.74,0.97,110,28,27,1,129,3,13,0,5.58,6.07,4.83,1.7,18.7,10.7,1.7,21.3
66556,571800,Drew Hutchison,31,DET,-0.9,136,5.9,0.92,124,28,18,10,105.3,3,9,0,4.53,4.96,4.98,1.48,14.7,9.1,1.6,20.1
110193,656657,Zach Logue,26,OAK,-1.1,156,6.76,1.41,132,14,10,4,57,3,8,0,6.79,6.95,5.82,1.54,16.3,7.8,2.1,21.7
70964,607200,Erick Fedde,29,WAS,-1.2,137,5.96,0.83,120,27,27,0,127,6,13,0,5.81,5.95,5.21,1.63,16.4,10.1,1.6,18.5
108931,641712,Dakota Hudson,27,STL,-1.2,136,5.9,0.71,117,27,26,1,139.7,8,7,0,4.45,4.58,4.39,1.45,13.1,10.2,1.3,17.7
105472,641302,Tyler Alexander,27,DET,-1.3,143,6.22,0.88,126,27,17,10,101,4,11,0,4.81,5.17,5.05,1.32,14.3,5.9,2.4,17.1
111081,669145,Bruce Zimmermann,27,BAL,-1.4,155,6.73,1.28,125,15,13,2,73.7,2,5,0,5.99,6.35,6,1.48,15.3,3.8,4.1,18.8
108325,670124,Adam Oller,27,OAK,-1.8,166,7.23,1.26,141,19,14,5,74.3,2,8,0,6.3,6.66,6.56,1.63,13.6,11.6,1.2,21.2
57743,518516,Madison Bumgarner,32,AZ,-2.2,145,6.32,0.9,122,30,30,0,158.7,7,15,0,4.88,5.5,4.79,1.44,16,7,2.3,18.2
59266,501985,Mike Minor,34,CIN,-2.2,162,7.03,1.34,132,19,19,0,98,4,12,0,6.06,6.61,6.13,1.63,16.7,8.8,1.9,20.1
59626,571578,Patrick Corbin,32,WAS,-2.4,149,6.5,1.04,111,31,31,0,152.7,6,19,0,6.31,7.02,4.89,1.7,18,6.9,2.6,20.8
68759,594835,Marco Gonzales,30,SEA,-2.6,146,6.37,0.76,126,32,32,0,183,10,15,0,4.13,4.77,5,1.33,13.2,6.4,2.1,18.3
